2025-04-16 16:33:17-702 [main] INFO  o.s.t.c.s.AnnotationConfigContextLoaderUtils - Could not detect default configuration classes for test class [com.bootcamp.service.finance.ServiceFinanceApplicationTests]: ServiceFinanceApplicationTests does not declare any static, non-private, non-final, nested classes annotated with @Configuration. 
2025-04-16 16:33:18-013 [main] INFO  o.s.b.t.c.SpringBootTestContextBootstrapper - Found @SpringBootConfiguration com.bootcamp.service.finance.ServiceFinanceApplication for test class com.bootcamp.service.finance.ServiceFinanceApplicationTests 
2025-04-16 16:33:24-792 [main] INFO  c.b.s.f.ServiceFinanceApplicationTests - Starting ServiceFinanceApplicationTests using Java 17.0.12 with PID 12964 (started by mgarcsar in C:\Users\mgarcsar\Documents\Bootcamp\etregables\service-finance) 
2025-04-16 16:33:24-795 [main] INFO  c.b.s.f.ServiceFinanceApplicationTests - The following 1 profile is active: "local" 
2025-04-16 16:33:24-853 [main] INFO  o.s.c.c.c.ConfigServerConfigDataLoader - Fetching config from server at : http://localhost:8888 
2025-04-16 16:33:24-853 [main] INFO  o.s.c.c.c.ConfigServerConfigDataLoader - Located environment: name=service-finance, profiles=[default], label=null, version=b4ade5f53a672be1cb6f37597b095c5c36269e00, state= 
2025-04-16 16:33:24-853 [main] INFO  o.s.c.c.c.ConfigServerConfigDataLoader - Fetching config from server at : http://localhost:8888 
2025-04-16 16:33:24-853 [main] INFO  o.s.c.c.c.ConfigServerConfigDataLoader - Located environment: name=service-finance, profiles=[local], label=null, version=b4ade5f53a672be1cb6f37597b095c5c36269e00, state= 
2025-04-16 16:33:26-714 [main] INFO  o.s.d.r.c.RepositoryConfigurationDelegate - Bootstrapping Spring Data Reactive MongoDB repositories in DEFAULT mode. 
2025-04-16 16:33:26-757 [main] INFO  o.s.d.r.c.RepositoryConfigurationDelegate - Finished Spring Data repository scanning in 27 ms. Found 0 Reactive MongoDB repository interfaces. 
2025-04-16 16:33:27-061 [main] INFO  o.s.cloud.context.scope.GenericScope - BeanFactory id=1f8b7027-d6dc-3ada-8e97-5fb8a25aa58c 
2025-04-16 16:33:28-283 [main] INFO  o.s.v.b.OptionalValidatorFactoryBean - Failed to set up a Bean Validation provider: jakarta.validation.NoProviderFoundException: Unable to create a Configuration, because no Jakarta Bean Validation provider could be found. Add a provider like Hibernate Validator (RI) to your classpath. 
2025-04-16 16:33:29-830 [main] INFO  org.mongodb.driver.client - MongoClient with metadata {"driver": {"name": "mongo-java-driver|reactive-streams|spring-boot", "version": "5.2.1"}, "os": {"type": "Windows", "name": "Windows 10", "architecture": "amd64", "version": "10.0"}, "platform": "Java/Oracle Corporation/17.0.12+8-LTS-286"} created with settings MongoClientSettings{readPreference=primary, writeConcern=WriteConcern{w=null, wTimeout=null ms, journal=null}, retryWrites=true, retryReads=true, readConcern=ReadConcern{level=null}, credential=null, transportSettings=NettyTransportSettings{eventLoopGroup=io.netty.channel.nio.NioEventLoopGroup@4e751350, socketChannelClass=null, allocator=null, sslContext=null}, commandListeners=[io.micrometer.core.instrument.binder.mongodb.MongoMetricsCommandListener@4cd6143c], codecRegistry=ProvidersCodecRegistry{codecProviders=[ValueCodecProvider{}, BsonValueCodecProvider{}, DBRefCodecProvider{}, DBObjectCodecProvider{}, DocumentCodecProvider{}, CollectionCodecProvider{}, IterableCodecProvider{}, MapCodecProvider{}, GeoJsonCodecProvider{}, GridFSFileCodecProvider{}, Jsr310CodecProvider{}, JsonObjectCodecProvider{}, BsonCodecProvider{}, EnumCodecProvider{}, com.mongodb.client.model.mql.ExpressionCodecProvider@3ed50b5f, com.mongodb.Jep395RecordCodecProvider@2ae63c84, com.mongodb.KotlinCodecProvider@4c6f451b]}, loggerSettings=LoggerSettings{maxDocumentLength=1000}, clusterSettings={hosts=[localhost:27017], srvServiceName=mongodb, mode=SINGLE, requiredClusterType=UNKNOWN, requiredReplicaSetName='null', serverSelector='null', clusterListeners='[]', serverSelectionTimeout='30000 ms', localThreshold='15 ms'}, socketSettings=SocketSettings{connectTimeoutMS=10000, readTimeoutMS=0, receiveBufferSize=0, proxySettings=ProxySettings{host=null, port=null, username=null, password=null}}, heartbeatSocketSettings=SocketSettings{connectTimeoutMS=10000, readTimeoutMS=10000, receiveBufferSize=0, proxySettings=ProxySettings{host=null, port=null, username=null, password=null}}, connectionPoolSettings=ConnectionPoolSettings{maxSize=100, minSize=0, maxWaitTimeMS=120000, maxConnectionLifeTimeMS=0, maxConnectionIdleTimeMS=0, maintenanceInitialDelayMS=0, maintenanceFrequencyMS=60000, connectionPoolListeners=[io.micrometer.core.instrument.binder.mongodb.MongoMetricsConnectionPoolListener@30e4cf5e], maxConnecting=2}, serverSettings=ServerSettings{heartbeatFrequencyMS=10000, minHeartbeatFrequencyMS=500, serverMonitoringMode=AUTO, serverListeners='[]', serverMonitorListeners='[]'}, sslSettings=SslSettings{enabled=false, invalidHostNameAllowed=false, context=null}, applicationName='null', compressorList=[], uuidRepresentation=JAVA_LEGACY, serverApi=null, autoEncryptionSettings=null, dnsClient=null, inetAddressResolver=null, contextProvider=null, timeoutMS=null} 
2025-04-16 16:33:30-259 [cluster-ClusterId{value='68002229de88fa235df30737', description='null'}-localhost:27017] INFO  org.mongodb.driver.cluster - Monitor thread successfully connected to server with description ServerDescription{address=localhost:27017, type=STANDALONE, cryptd=false, state=CONNECTED, ok=true, minWireVersion=0, maxWireVersion=25, maxDocumentSize=16777216, logicalSessionTimeoutMinutes=30, roundTripTimeNanos=166079200, minRoundTripTimeNanos=0} 
2025-04-16 16:33:30-908 [main] INFO  o.s.b.a.e.web.EndpointLinksResolver - Exposing 2 endpoints beneath base path '/actuator' 
2025-04-16 16:33:31-855 [main] INFO  o.s.c.n.e.c.DiscoveryClientOptionalArgsConfiguration - Eureka HTTP Client uses RestTemplate. 
2025-04-16 16:33:31-933 [main] WARN  o.s.c.l.c.LoadBalancerCacheAutoConfiguration$LoadBalancerCaffeineWarnLogger - Spring Cloud LoadBalancer is currently working with the default cache. While this cache implementation is useful for development and tests, it's recommended to use Caffeine cache in production.You can switch to using Caffeine cache, by adding it and org.springframework.cache.caffeine.CaffeineCacheManager to the classpath. 
2025-04-16 16:33:32-012 [main] INFO  o.s.c.n.eureka.InstanceInfoFactory - Setting initial instance status as: STARTING 
2025-04-16 16:33:32-053 [main] INFO  c.netflix.discovery.DiscoveryClient - Initializing Eureka in region us-east-1 
2025-04-16 16:33:32-064 [main] INFO  c.n.d.s.r.aws.ConfigClusterResolver - Resolving eureka endpoints via configuration 
2025-04-16 16:33:32-086 [main] INFO  c.netflix.discovery.DiscoveryClient - Disable delta property : false 
2025-04-16 16:33:32-087 [main] INFO  c.netflix.discovery.DiscoveryClient - Single vip registry refresh property : null 
2025-04-16 16:33:32-087 [main] INFO  c.netflix.discovery.DiscoveryClient - Force full registry fetch : false 
2025-04-16 16:33:32-087 [main] INFO  c.netflix.discovery.DiscoveryClient - Application is null : false 
2025-04-16 16:33:32-087 [main] INFO  c.netflix.discovery.DiscoveryClient - Registered Applications size is zero : true 
2025-04-16 16:33:32-087 [main] INFO  c.netflix.discovery.DiscoveryClient - Application version is -1: true 
2025-04-16 16:33:32-088 [main] INFO  c.netflix.discovery.DiscoveryClient - Getting all instance registry info from the eureka server 
2025-04-16 16:33:32-540 [main] INFO  c.netflix.discovery.DiscoveryClient - The response status is 200 
2025-04-16 16:33:32-543 [main] INFO  c.netflix.discovery.DiscoveryClient - Starting heartbeat executor: renew interval is: 30 
2025-04-16 16:33:32-547 [main] INFO  c.n.discovery.InstanceInfoReplicator - InstanceInfoReplicator onDemand update allowed rate per min is 4 
2025-04-16 16:33:32-548 [main] INFO  c.netflix.discovery.DiscoveryClient - Discovery Client initialized at timestamp 1744839212548 with initial instances count: 2 
2025-04-16 16:33:32-552 [main] INFO  o.s.c.n.e.s.EurekaServiceRegistry - Registering application SERVICE-FINANCE with eureka with status UP 
2025-04-16 16:33:32-553 [main] INFO  c.netflix.discovery.DiscoveryClient - Saw local status change event StatusChangeEvent [timestamp=1744839212553, current=UP, previous=STARTING] 
2025-04-16 16:33:32-556 [DiscoveryClient-InstanceInfoReplicator-%d] INFO  c.netflix.discovery.DiscoveryClient - DiscoveryClient_SERVICE-FINANCE/service-finance:8686: registering service... 
2025-04-16 16:33:32-584 [main] INFO  c.b.s.f.ServiceFinanceApplicationTests - Started ServiceFinanceApplicationTests in 13.925 seconds (process running for 18.182) 
2025-04-16 16:33:32-660 [DiscoveryClient-InstanceInfoReplicator-%d] INFO  c.netflix.discovery.DiscoveryClient - DiscoveryClient_SERVICE-FINANCE/service-finance:8686 - registration status: 204 
2025-04-16 16:33:34-229 [SpringApplicationShutdownHook] INFO  o.s.c.n.e.s.EurekaServiceRegistry - Unregistering application SERVICE-FINANCE with eureka with status DOWN 
2025-04-16 16:33:34-230 [SpringApplicationShutdownHook] INFO  c.netflix.discovery.DiscoveryClient - Saw local status change event StatusChangeEvent [timestamp=1744839214230, current=DOWN, previous=UP] 
2025-04-16 16:33:34-232 [DiscoveryClient-InstanceInfoReplicator-%d] INFO  c.netflix.discovery.DiscoveryClient - DiscoveryClient_SERVICE-FINANCE/service-finance:8686: registering service... 
2025-04-16 16:33:34-263 [DiscoveryClient-InstanceInfoReplicator-%d] INFO  c.netflix.discovery.DiscoveryClient - DiscoveryClient_SERVICE-FINANCE/service-finance:8686 - registration status: 204 
2025-04-16 16:33:36-794 [SpringApplicationShutdownHook] INFO  c.netflix.discovery.DiscoveryClient - Shutting down DiscoveryClient ... 
2025-04-16 16:33:39-802 [SpringApplicationShutdownHook] INFO  c.netflix.discovery.DiscoveryClient - Unregistering ... 
2025-04-16 16:33:39-825 [SpringApplicationShutdownHook] INFO  c.netflix.discovery.DiscoveryClient - DiscoveryClient_SERVICE-FINANCE/service-finance:8686 - deregister  status: 200 
2025-04-16 16:33:39-826 [SpringApplicationShutdownHook] INFO  c.netflix.discovery.DiscoveryClient - Completed shut down of DiscoveryClient 
2025-04-16 16:45:52-197 [main] INFO  o.s.t.c.s.AnnotationConfigContextLoaderUtils - Could not detect default configuration classes for test class [com.bootcamp.service.finance.ServiceFinanceApplicationTests]: ServiceFinanceApplicationTests does not declare any static, non-private, non-final, nested classes annotated with @Configuration. 
2025-04-16 16:45:52-565 [main] INFO  o.s.b.t.c.SpringBootTestContextBootstrapper - Found @SpringBootConfiguration com.bootcamp.service.finance.ServiceFinanceApplication for test class com.bootcamp.service.finance.ServiceFinanceApplicationTests 
2025-04-16 16:46:01-581 [main] INFO  c.b.s.f.ServiceFinanceApplicationTests - Starting ServiceFinanceApplicationTests using Java 17.0.12 with PID 6580 (started by mgarcsar in C:\Users\mgarcsar\Documents\Bootcamp\etregables\service-finance) 
2025-04-16 16:46:01-584 [main] INFO  c.b.s.f.ServiceFinanceApplicationTests - The following 1 profile is active: "local" 
2025-04-16 16:46:01-676 [main] INFO  o.s.c.c.c.ConfigServerConfigDataLoader - Fetching config from server at : http://localhost:8888 
2025-04-16 16:46:01-678 [main] INFO  o.s.c.c.c.ConfigServerConfigDataLoader - Located environment: name=service-finance, profiles=[default], label=null, version=b4ade5f53a672be1cb6f37597b095c5c36269e00, state= 
2025-04-16 16:46:01-678 [main] INFO  o.s.c.c.c.ConfigServerConfigDataLoader - Fetching config from server at : http://localhost:8888 
2025-04-16 16:46:01-678 [main] INFO  o.s.c.c.c.ConfigServerConfigDataLoader - Located environment: name=service-finance, profiles=[local], label=null, version=b4ade5f53a672be1cb6f37597b095c5c36269e00, state= 
2025-04-16 16:46:03-604 [main] INFO  o.s.d.r.c.RepositoryConfigurationDelegate - Bootstrapping Spring Data Reactive MongoDB repositories in DEFAULT mode. 
2025-04-16 16:46:03-659 [main] INFO  o.s.d.r.c.RepositoryConfigurationDelegate - Finished Spring Data repository scanning in 41 ms. Found 0 Reactive MongoDB repository interfaces. 
2025-04-16 16:46:03-944 [main] INFO  o.s.cloud.context.scope.GenericScope - BeanFactory id=1f8b7027-d6dc-3ada-8e97-5fb8a25aa58c 
2025-04-16 16:46:05-168 [main] INFO  o.s.v.b.OptionalValidatorFactoryBean - Failed to set up a Bean Validation provider: jakarta.validation.NoProviderFoundException: Unable to create a Configuration, because no Jakarta Bean Validation provider could be found. Add a provider like Hibernate Validator (RI) to your classpath. 
2025-04-16 16:46:06-872 [main] INFO  org.mongodb.driver.client - MongoClient with metadata {"driver": {"name": "mongo-java-driver|reactive-streams|spring-boot", "version": "5.2.1"}, "os": {"type": "Windows", "name": "Windows 10", "architecture": "amd64", "version": "10.0"}, "platform": "Java/Oracle Corporation/17.0.12+8-LTS-286"} created with settings MongoClientSettings{readPreference=primary, writeConcern=WriteConcern{w=null, wTimeout=null ms, journal=null}, retryWrites=true, retryReads=true, readConcern=ReadConcern{level=null}, credential=null, transportSettings=NettyTransportSettings{eventLoopGroup=io.netty.channel.nio.NioEventLoopGroup@5e81d985, socketChannelClass=null, allocator=null, sslContext=null}, commandListeners=[io.micrometer.core.instrument.binder.mongodb.MongoMetricsCommandListener@4d356547], codecRegistry=ProvidersCodecRegistry{codecProviders=[ValueCodecProvider{}, BsonValueCodecProvider{}, DBRefCodecProvider{}, DBObjectCodecProvider{}, DocumentCodecProvider{}, CollectionCodecProvider{}, IterableCodecProvider{}, MapCodecProvider{}, GeoJsonCodecProvider{}, GridFSFileCodecProvider{}, Jsr310CodecProvider{}, JsonObjectCodecProvider{}, BsonCodecProvider{}, EnumCodecProvider{}, com.mongodb.client.model.mql.ExpressionCodecProvider@3479e14e, com.mongodb.Jep395RecordCodecProvider@4aa037e6, com.mongodb.KotlinCodecProvider@1abd92c6]}, loggerSettings=LoggerSettings{maxDocumentLength=1000}, clusterSettings={hosts=[localhost:27017], srvServiceName=mongodb, mode=SINGLE, requiredClusterType=UNKNOWN, requiredReplicaSetName='null', serverSelector='null', clusterListeners='[]', serverSelectionTimeout='30000 ms', localThreshold='15 ms'}, socketSettings=SocketSettings{connectTimeoutMS=10000, readTimeoutMS=0, receiveBufferSize=0, proxySettings=ProxySettings{host=null, port=null, username=null, password=null}}, heartbeatSocketSettings=SocketSettings{connectTimeoutMS=10000, readTimeoutMS=10000, receiveBufferSize=0, proxySettings=ProxySettings{host=null, port=null, username=null, password=null}}, connectionPoolSettings=ConnectionPoolSettings{maxSize=100, minSize=0, maxWaitTimeMS=120000, maxConnectionLifeTimeMS=0, maxConnectionIdleTimeMS=0, maintenanceInitialDelayMS=0, maintenanceFrequencyMS=60000, connectionPoolListeners=[io.micrometer.core.instrument.binder.mongodb.MongoMetricsConnectionPoolListener@7c44c38b], maxConnecting=2}, serverSettings=ServerSettings{heartbeatFrequencyMS=10000, minHeartbeatFrequencyMS=500, serverMonitoringMode=AUTO, serverListeners='[]', serverMonitorListeners='[]'}, sslSettings=SslSettings{enabled=false, invalidHostNameAllowed=false, context=null}, applicationName='null', compressorList=[], uuidRepresentation=JAVA_LEGACY, serverApi=null, autoEncryptionSettings=null, dnsClient=null, inetAddressResolver=null, contextProvider=null, timeoutMS=null} 
2025-04-16 16:46:07-210 [cluster-ClusterId{value='6800251e7e95a122d100a3c7', description='null'}-localhost:27017] INFO  org.mongodb.driver.cluster - Monitor thread successfully connected to server with description ServerDescription{address=localhost:27017, type=STANDALONE, cryptd=false, state=CONNECTED, ok=true, minWireVersion=0, maxWireVersion=25, maxDocumentSize=16777216, logicalSessionTimeoutMinutes=30, roundTripTimeNanos=144282400, minRoundTripTimeNanos=0} 
2025-04-16 16:46:07-886 [main] INFO  o.s.b.a.e.web.EndpointLinksResolver - Exposing 2 endpoints beneath base path '/actuator' 
2025-04-16 16:46:08-900 [main] INFO  o.s.c.n.e.c.DiscoveryClientOptionalArgsConfiguration - Eureka HTTP Client uses RestTemplate. 
2025-04-16 16:46:08-992 [main] WARN  o.s.c.l.c.LoadBalancerCacheAutoConfiguration$LoadBalancerCaffeineWarnLogger - Spring Cloud LoadBalancer is currently working with the default cache. While this cache implementation is useful for development and tests, it's recommended to use Caffeine cache in production.You can switch to using Caffeine cache, by adding it and org.springframework.cache.caffeine.CaffeineCacheManager to the classpath. 
2025-04-16 16:46:09-111 [main] INFO  o.s.c.n.eureka.InstanceInfoFactory - Setting initial instance status as: STARTING 
2025-04-16 16:46:09-155 [main] INFO  c.netflix.discovery.DiscoveryClient - Initializing Eureka in region us-east-1 
2025-04-16 16:46:09-167 [main] INFO  c.n.d.s.r.aws.ConfigClusterResolver - Resolving eureka endpoints via configuration 
2025-04-16 16:46:09-183 [main] INFO  c.netflix.discovery.DiscoveryClient - Disable delta property : false 
2025-04-16 16:46:09-183 [main] INFO  c.netflix.discovery.DiscoveryClient - Single vip registry refresh property : null 
2025-04-16 16:46:09-183 [main] INFO  c.netflix.discovery.DiscoveryClient - Force full registry fetch : false 
2025-04-16 16:46:09-183 [main] INFO  c.netflix.discovery.DiscoveryClient - Application is null : false 
2025-04-16 16:46:09-184 [main] INFO  c.netflix.discovery.DiscoveryClient - Registered Applications size is zero : true 
2025-04-16 16:46:09-184 [main] INFO  c.netflix.discovery.DiscoveryClient - Application version is -1: true 
2025-04-16 16:46:09-184 [main] INFO  c.netflix.discovery.DiscoveryClient - Getting all instance registry info from the eureka server 
2025-04-16 16:46:09-704 [main] INFO  c.netflix.discovery.DiscoveryClient - The response status is 200 
2025-04-16 16:46:09-707 [main] INFO  c.netflix.discovery.DiscoveryClient - Starting heartbeat executor: renew interval is: 30 
2025-04-16 16:46:09-711 [main] INFO  c.n.discovery.InstanceInfoReplicator - InstanceInfoReplicator onDemand update allowed rate per min is 4 
2025-04-16 16:46:09-714 [main] INFO  c.netflix.discovery.DiscoveryClient - Discovery Client initialized at timestamp 1744839969714 with initial instances count: 1 
2025-04-16 16:46:09-720 [main] INFO  o.s.c.n.e.s.EurekaServiceRegistry - Registering application SERVICE-FINANCE with eureka with status UP 
2025-04-16 16:46:09-721 [main] INFO  c.netflix.discovery.DiscoveryClient - Saw local status change event StatusChangeEvent [timestamp=1744839969721, current=UP, previous=STARTING] 
2025-04-16 16:46:09-725 [DiscoveryClient-InstanceInfoReplicator-%d] INFO  c.netflix.discovery.DiscoveryClient - DiscoveryClient_SERVICE-FINANCE/service-finance:8686: registering service... 
2025-04-16 16:46:09-753 [main] INFO  c.b.s.f.ServiceFinanceApplicationTests - Started ServiceFinanceApplicationTests in 16.357 seconds (process running for 21.06) 
2025-04-16 16:46:09-818 [DiscoveryClient-InstanceInfoReplicator-%d] INFO  c.netflix.discovery.DiscoveryClient - DiscoveryClient_SERVICE-FINANCE/service-finance:8686 - registration status: 204 
2025-04-16 16:46:11-300 [SpringApplicationShutdownHook] INFO  o.s.c.n.e.s.EurekaServiceRegistry - Unregistering application SERVICE-FINANCE with eureka with status DOWN 
2025-04-16 16:46:11-302 [SpringApplicationShutdownHook] INFO  c.netflix.discovery.DiscoveryClient - Saw local status change event StatusChangeEvent [timestamp=1744839971301, current=DOWN, previous=UP] 
2025-04-16 16:46:11-303 [DiscoveryClient-InstanceInfoReplicator-%d] INFO  c.netflix.discovery.DiscoveryClient - DiscoveryClient_SERVICE-FINANCE/service-finance:8686: registering service... 
2025-04-16 16:46:11-311 [DiscoveryClient-InstanceInfoReplicator-%d] INFO  c.netflix.discovery.DiscoveryClient - DiscoveryClient_SERVICE-FINANCE/service-finance:8686 - registration status: 204 
2025-04-16 16:46:13-993 [SpringApplicationShutdownHook] INFO  c.netflix.discovery.DiscoveryClient - Shutting down DiscoveryClient ... 
2025-04-16 16:46:16-998 [SpringApplicationShutdownHook] INFO  c.netflix.discovery.DiscoveryClient - Unregistering ... 
2025-04-16 16:46:17-019 [SpringApplicationShutdownHook] INFO  c.netflix.discovery.DiscoveryClient - DiscoveryClient_SERVICE-FINANCE/service-finance:8686 - deregister  status: 200 
2025-04-16 16:46:17-020 [SpringApplicationShutdownHook] INFO  c.netflix.discovery.DiscoveryClient - Completed shut down of DiscoveryClient 
2025-04-16 16:48:09-078 [main] INFO  o.s.t.c.s.AnnotationConfigContextLoaderUtils - Could not detect default configuration classes for test class [com.bootcamp.service.finance.ServiceFinanceApplicationTests]: ServiceFinanceApplicationTests does not declare any static, non-private, non-final, nested classes annotated with @Configuration. 
2025-04-16 16:48:09-443 [main] INFO  o.s.b.t.c.SpringBootTestContextBootstrapper - Found @SpringBootConfiguration com.bootcamp.service.finance.ServiceFinanceApplication for test class com.bootcamp.service.finance.ServiceFinanceApplicationTests 
2025-04-16 16:48:15-289 [main] INFO  c.b.s.f.ServiceFinanceApplicationTests - Starting ServiceFinanceApplicationTests using Java 17.0.12 with PID 11964 (started by mgarcsar in C:\Users\mgarcsar\Documents\Bootcamp\etregables\service-finance) 
2025-04-16 16:48:15-291 [main] INFO  c.b.s.f.ServiceFinanceApplicationTests - The following 1 profile is active: "local" 
2025-04-16 16:48:15-347 [main] INFO  o.s.c.c.c.ConfigServerConfigDataLoader - Fetching config from server at : http://localhost:8888 
2025-04-16 16:48:15-347 [main] INFO  o.s.c.c.c.ConfigServerConfigDataLoader - Located environment: name=service-finance, profiles=[default], label=null, version=b4ade5f53a672be1cb6f37597b095c5c36269e00, state= 
2025-04-16 16:48:15-348 [main] INFO  o.s.c.c.c.ConfigServerConfigDataLoader - Fetching config from server at : http://localhost:8888 
2025-04-16 16:48:15-348 [main] INFO  o.s.c.c.c.ConfigServerConfigDataLoader - Located environment: name=service-finance, profiles=[local], label=null, version=b4ade5f53a672be1cb6f37597b095c5c36269e00, state= 
2025-04-16 16:48:17-482 [main] INFO  o.s.d.r.c.RepositoryConfigurationDelegate - Bootstrapping Spring Data Reactive MongoDB repositories in DEFAULT mode. 
2025-04-16 16:48:17-531 [main] INFO  o.s.d.r.c.RepositoryConfigurationDelegate - Finished Spring Data repository scanning in 31 ms. Found 0 Reactive MongoDB repository interfaces. 
2025-04-16 16:48:17-808 [main] INFO  o.s.cloud.context.scope.GenericScope - BeanFactory id=1f8b7027-d6dc-3ada-8e97-5fb8a25aa58c 
2025-04-16 16:48:18-972 [main] INFO  o.s.v.b.OptionalValidatorFactoryBean - Failed to set up a Bean Validation provider: jakarta.validation.NoProviderFoundException: Unable to create a Configuration, because no Jakarta Bean Validation provider could be found. Add a provider like Hibernate Validator (RI) to your classpath. 
2025-04-16 16:48:21-313 [main] INFO  org.mongodb.driver.client - MongoClient with metadata {"driver": {"name": "mongo-java-driver|reactive-streams|spring-boot", "version": "5.2.1"}, "os": {"type": "Windows", "name": "Windows 10", "architecture": "amd64", "version": "10.0"}, "platform": "Java/Oracle Corporation/17.0.12+8-LTS-286"} created with settings MongoClientSettings{readPreference=primary, writeConcern=WriteConcern{w=null, wTimeout=null ms, journal=null}, retryWrites=true, retryReads=true, readConcern=ReadConcern{level=null}, credential=null, transportSettings=NettyTransportSettings{eventLoopGroup=io.netty.channel.nio.NioEventLoopGroup@7c532e54, socketChannelClass=null, allocator=null, sslContext=null}, commandListeners=[io.micrometer.core.instrument.binder.mongodb.MongoMetricsCommandListener@17163282], codecRegistry=ProvidersCodecRegistry{codecProviders=[ValueCodecProvider{}, BsonValueCodecProvider{}, DBRefCodecProvider{}, DBObjectCodecProvider{}, DocumentCodecProvider{}, CollectionCodecProvider{}, IterableCodecProvider{}, MapCodecProvider{}, GeoJsonCodecProvider{}, GridFSFileCodecProvider{}, Jsr310CodecProvider{}, JsonObjectCodecProvider{}, BsonCodecProvider{}, EnumCodecProvider{}, com.mongodb.client.model.mql.ExpressionCodecProvider@2464490e, com.mongodb.Jep395RecordCodecProvider@5ce6337b, com.mongodb.KotlinCodecProvider@39a2973d]}, loggerSettings=LoggerSettings{maxDocumentLength=1000}, clusterSettings={hosts=[localhost:27017], srvServiceName=mongodb, mode=SINGLE, requiredClusterType=UNKNOWN, requiredReplicaSetName='null', serverSelector='null', clusterListeners='[]', serverSelectionTimeout='30000 ms', localThreshold='15 ms'}, socketSettings=SocketSettings{connectTimeoutMS=10000, readTimeoutMS=0, receiveBufferSize=0, proxySettings=ProxySettings{host=null, port=null, username=null, password=null}}, heartbeatSocketSettings=SocketSettings{connectTimeoutMS=10000, readTimeoutMS=10000, receiveBufferSize=0, proxySettings=ProxySettings{host=null, port=null, username=null, password=null}}, connectionPoolSettings=ConnectionPoolSettings{maxSize=100, minSize=0, maxWaitTimeMS=120000, maxConnectionLifeTimeMS=0, maxConnectionIdleTimeMS=0, maintenanceInitialDelayMS=0, maintenanceFrequencyMS=60000, connectionPoolListeners=[io.micrometer.core.instrument.binder.mongodb.MongoMetricsConnectionPoolListener@1f0630a9], maxConnecting=2}, serverSettings=ServerSettings{heartbeatFrequencyMS=10000, minHeartbeatFrequencyMS=500, serverMonitoringMode=AUTO, serverListeners='[]', serverMonitorListeners='[]'}, sslSettings=SslSettings{enabled=false, invalidHostNameAllowed=false, context=null}, applicationName='null', compressorList=[], uuidRepresentation=JAVA_LEGACY, serverApi=null, autoEncryptionSettings=null, dnsClient=null, inetAddressResolver=null, contextProvider=null, timeoutMS=null} 
2025-04-16 16:48:22-207 [cluster-ClusterId{value='680025a46b803b7e733a2cff', description='null'}-localhost:27017] INFO  org.mongodb.driver.cluster - Monitor thread successfully connected to server with description ServerDescription{address=localhost:27017, type=STANDALONE, cryptd=false, state=CONNECTED, ok=true, minWireVersion=0, maxWireVersion=25, maxDocumentSize=16777216, logicalSessionTimeoutMinutes=30, roundTripTimeNanos=267337499, minRoundTripTimeNanos=0} 
2025-04-16 16:48:23-937 [main] INFO  o.s.b.a.e.web.EndpointLinksResolver - Exposing 2 endpoints beneath base path '/actuator' 
2025-04-16 16:48:26-074 [main] INFO  o.s.c.n.e.c.DiscoveryClientOptionalArgsConfiguration - Eureka HTTP Client uses RestTemplate. 
2025-04-16 16:48:26-245 [main] WARN  o.s.c.l.c.LoadBalancerCacheAutoConfiguration$LoadBalancerCaffeineWarnLogger - Spring Cloud LoadBalancer is currently working with the default cache. While this cache implementation is useful for development and tests, it's recommended to use Caffeine cache in production.You can switch to using Caffeine cache, by adding it and org.springframework.cache.caffeine.CaffeineCacheManager to the classpath. 
2025-04-16 16:48:26-383 [main] INFO  o.s.c.n.eureka.InstanceInfoFactory - Setting initial instance status as: STARTING 
2025-04-16 16:48:26-455 [main] INFO  c.netflix.discovery.DiscoveryClient - Initializing Eureka in region us-east-1 
2025-04-16 16:48:26-468 [main] INFO  c.n.d.s.r.aws.ConfigClusterResolver - Resolving eureka endpoints via configuration 
2025-04-16 16:48:26-496 [main] INFO  c.netflix.discovery.DiscoveryClient - Disable delta property : false 
2025-04-16 16:48:26-496 [main] INFO  c.netflix.discovery.DiscoveryClient - Single vip registry refresh property : null 
2025-04-16 16:48:26-496 [main] INFO  c.netflix.discovery.DiscoveryClient - Force full registry fetch : false 
2025-04-16 16:48:26-497 [main] INFO  c.netflix.discovery.DiscoveryClient - Application is null : false 
2025-04-16 16:48:26-497 [main] INFO  c.netflix.discovery.DiscoveryClient - Registered Applications size is zero : true 
2025-04-16 16:48:26-497 [main] INFO  c.netflix.discovery.DiscoveryClient - Application version is -1: true 
2025-04-16 16:48:26-497 [main] INFO  c.netflix.discovery.DiscoveryClient - Getting all instance registry info from the eureka server 
2025-04-16 16:48:27-178 [main] INFO  c.netflix.discovery.DiscoveryClient - The response status is 200 
2025-04-16 16:48:27-182 [main] INFO  c.netflix.discovery.DiscoveryClient - Starting heartbeat executor: renew interval is: 30 
2025-04-16 16:48:27-185 [main] INFO  c.n.discovery.InstanceInfoReplicator - InstanceInfoReplicator onDemand update allowed rate per min is 4 
2025-04-16 16:48:27-188 [main] INFO  c.netflix.discovery.DiscoveryClient - Discovery Client initialized at timestamp 1744840107187 with initial instances count: 1 
2025-04-16 16:48:27-192 [main] INFO  o.s.c.n.e.s.EurekaServiceRegistry - Registering application SERVICE-FINANCE with eureka with status UP 
2025-04-16 16:48:27-193 [main] INFO  c.netflix.discovery.DiscoveryClient - Saw local status change event StatusChangeEvent [timestamp=1744840107193, current=UP, previous=STARTING] 
2025-04-16 16:48:27-197 [DiscoveryClient-InstanceInfoReplicator-%d] INFO  c.netflix.discovery.DiscoveryClient - DiscoveryClient_SERVICE-FINANCE/service-finance:8686: registering service... 
2025-04-16 16:48:27-229 [main] INFO  c.b.s.f.ServiceFinanceApplicationTests - Started ServiceFinanceApplicationTests in 17.071 seconds (process running for 21.967) 
2025-04-16 16:48:27-284 [DiscoveryClient-InstanceInfoReplicator-%d] INFO  c.netflix.discovery.DiscoveryClient - DiscoveryClient_SERVICE-FINANCE/service-finance:8686 - registration status: 204 
2025-04-16 16:48:29-167 [SpringApplicationShutdownHook] INFO  o.s.c.n.e.s.EurekaServiceRegistry - Unregistering application SERVICE-FINANCE with eureka with status DOWN 
2025-04-16 16:48:29-168 [SpringApplicationShutdownHook] INFO  c.netflix.discovery.DiscoveryClient - Saw local status change event StatusChangeEvent [timestamp=1744840109168, current=DOWN, previous=UP] 
2025-04-16 16:48:29-169 [DiscoveryClient-InstanceInfoReplicator-%d] INFO  c.netflix.discovery.DiscoveryClient - DiscoveryClient_SERVICE-FINANCE/service-finance:8686: registering service... 
2025-04-16 16:48:29-193 [DiscoveryClient-InstanceInfoReplicator-%d] INFO  c.netflix.discovery.DiscoveryClient - DiscoveryClient_SERVICE-FINANCE/service-finance:8686 - registration status: 204 
2025-04-16 16:48:32-121 [SpringApplicationShutdownHook] INFO  c.netflix.discovery.DiscoveryClient - Shutting down DiscoveryClient ... 
2025-04-16 16:48:35-124 [SpringApplicationShutdownHook] INFO  c.netflix.discovery.DiscoveryClient - Unregistering ... 
2025-04-16 16:48:35-143 [SpringApplicationShutdownHook] INFO  c.netflix.discovery.DiscoveryClient - DiscoveryClient_SERVICE-FINANCE/service-finance:8686 - deregister  status: 200 
2025-04-16 16:48:35-143 [SpringApplicationShutdownHook] INFO  c.netflix.discovery.DiscoveryClient - Completed shut down of DiscoveryClient 
2025-04-16 21:27:11-433 [main] INFO  c.b.s.f.s.impl.ResumeServiceImpl - Saving resume MonoJust 
2025-04-16 21:27:11-444 [main] ERROR c.b.s.f.s.impl.ResumeServiceImpl - Error save resume Cannot invoke "com.bootcamp.service.finance.repository.dao.DaoResumeFactory.getResumeRepository()" because "this.daoResumeFactory" is null 
2025-04-16 21:30:30-362 [main] INFO  c.b.s.f.s.impl.ResumeServiceImpl - Saving resume MonoJust 
2025-04-16 21:30:30-376 [main] ERROR c.b.s.f.s.impl.ResumeServiceImpl - Error save resume Cannot invoke "com.bootcamp.service.finance.repository.ResumeRepository.save(Object)" because the return value of "com.bootcamp.service.finance.repository.dao.DaoResumeFactory.getResumeRepository()" is null 
2025-04-16 21:31:27-051 [main] INFO  c.b.s.f.s.impl.ResumeServiceImpl - Saving resume MonoJust 
2025-04-16 21:31:27-078 [main] ERROR c.b.s.f.s.impl.ResumeServiceImpl - Error save resume Cannot invoke "reactor.core.publisher.Mono.doOnSuccess(java.util.function.Consumer)" because the return value of "com.bootcamp.service.finance.repository.ResumeRepository.save(Object)" is null 
2025-04-16 21:31:41-512 [main] INFO  c.b.s.f.s.impl.ResumeServiceImpl - Saving resume MonoJust 
2025-04-16 21:31:41-546 [main] ERROR c.b.s.f.s.impl.ResumeServiceImpl - Error save resume 
Strict stubbing argument mismatch. Please check:
 - this invocation of 'save' method:
    resumeRepository.save(
    com.bootcamp.service.finance.model.ResumeModel@6a9b9909
);
    -> at com.bootcamp.service.finance.service.impl.ResumeServiceImpl.lambda$saveResume$2(ResumeServiceImpl.java:25)
 - has following stubbing(s) with different arguments:
    1. resumeRepository.save(
    com.bootcamp.service.finance.model.ResumeModel@63411512
);
      -> at com.bootcamp.service.finance.service.impl.ResumeServiceImplTest.shouldSaveResumeModel_whenSaveResumeRequestOfPassiveProduct_thenSuccess(ResumeServiceImplTest.java:48)
Typically, stubbing argument mismatch indicates user mistake when writing tests.
Mockito fails early so that you can debug potential problem easily.
However, there are legit scenarios when this exception generates false negative signal:
  - stubbing the same method multiple times using 'given().will()' or 'when().then()' API
    Please use 'will().given()' or 'doReturn().when()' API for stubbing.
  - stubbed method is intentionally invoked with different arguments by code under test
    Please use default or 'silent' JUnit Rule (equivalent of Strictness.LENIENT).
For more information see javadoc for PotentialStubbingProblem class. 
2025-04-16 21:34:14-352 [main] INFO  c.b.s.f.s.impl.ResumeServiceImpl - Saving resume MonoJust 
2025-04-16 21:34:14-368 [main] ERROR c.b.s.f.s.impl.ResumeServiceImpl - Error save resume 
Strict stubbing argument mismatch. Please check:
 - this invocation of 'save' method:
    resumeRepository.save(
    com.bootcamp.service.finance.model.ResumeModel@19382338
);
    -> at com.bootcamp.service.finance.service.impl.ResumeServiceImpl.lambda$saveResume$2(ResumeServiceImpl.java:25)
 - has following stubbing(s) with different arguments:
    1. resumeRepository.save(
    com.bootcamp.service.finance.model.ResumeModel@56913163
);
      -> at com.bootcamp.service.finance.service.impl.ResumeServiceImplTest.shouldSaveResumeModel_whenSaveResumeRequestOfPassiveProduct_thenSuccess(ResumeServiceImplTest.java:57)
Typically, stubbing argument mismatch indicates user mistake when writing tests.
Mockito fails early so that you can debug potential problem easily.
However, there are legit scenarios when this exception generates false negative signal:
  - stubbing the same method multiple times using 'given().will()' or 'when().then()' API
    Please use 'will().given()' or 'doReturn().when()' API for stubbing.
  - stubbed method is intentionally invoked with different arguments by code under test
    Please use default or 'silent' JUnit Rule (equivalent of Strictness.LENIENT).
For more information see javadoc for PotentialStubbingProblem class. 
2025-04-16 21:38:10-301 [main] INFO  c.b.s.f.s.impl.ResumeServiceImpl - Saving resume MonoJust 
2025-04-16 21:38:10-616 [main] INFO  c.b.s.f.s.impl.ResumeServiceImpl - Saved resume model {} 
2025-04-16 21:38:10-635 [main] INFO  c.b.s.f.s.impl.ResumeServiceImpl - Save resume success {} 
2025-04-16 21:38:49-005 [main] INFO  c.b.s.f.s.impl.ResumeServiceImpl - Saving resume MonoJust 
2025-04-16 21:38:49-276 [main] INFO  c.b.s.f.s.impl.ResumeServiceImpl - Saved resume model {} 
2025-04-16 21:38:49-294 [main] INFO  c.b.s.f.s.impl.ResumeServiceImpl - Save resume success {} 
2025-04-16 21:39:57-646 [main] INFO  c.b.s.f.s.impl.ResumeServiceImpl - Saving resume MonoJust 
2025-04-16 21:39:57-968 [main] INFO  c.b.s.f.s.impl.ResumeServiceImpl - Saved resume model {"productId":"11111111","customerId":"AAAAAAA","totalAmountInAccount":7000.0,"informDate":[2025,4,16]} 
2025-04-16 21:39:57-980 [main] INFO  c.b.s.f.s.impl.ResumeServiceImpl - Save resume success {"productId":"11111111","customerId":"AAAAAAA","totalAmountInAccount":7000.0,"informDate":[2025,4,16]} 
2025-04-16 23:47:40-989 [main] INFO  c.b.s.f.s.impl.ResumeServiceImpl - Saving resume MonoJust 
2025-04-16 23:47:41-514 [main] INFO  c.b.s.f.s.impl.ResumeServiceImpl - Saved resume model {"productId":"11111111","customerId":"AAAAAAA","totalAmountInAccount":7000.0,"informDate":[2025,4,16]} 
2025-04-16 23:47:41-535 [main] INFO  c.b.s.f.s.impl.ResumeServiceImpl - Save resume success {"productId":"11111111","customerId":"AAAAAAA","totalAmountInAccount":7000.0,"informDate":[2025,4,16]} 
2025-04-16 23:50:31-690 [main] INFO  o.s.t.c.s.AnnotationConfigContextLoaderUtils - Could not detect default configuration classes for test class [com.bootcamp.service.finance.expose.ServiceFinanceDelegateImplTest]: ServiceFinanceDelegateImplTest does not declare any static, non-private, non-final, nested classes annotated with @Configuration. 
2025-04-16 23:50:32-025 [main] INFO  o.s.b.t.c.SpringBootTestContextBootstrapper - Found @SpringBootConfiguration com.bootcamp.service.finance.ServiceFinanceApplication for test class com.bootcamp.service.finance.expose.ServiceFinanceDelegateImplTest 
2025-04-16 23:50:37-706 [main] INFO  c.b.s.f.e.ServiceFinanceDelegateImplTest - Starting ServiceFinanceDelegateImplTest using Java 17.0.12 with PID 36724 (started by mgarcsar in C:\Users\mgarcsar\Documents\Bootcamp\etregables\service-finance) 
2025-04-16 23:50:37-707 [main] INFO  c.b.s.f.e.ServiceFinanceDelegateImplTest - The following 1 profile is active: "local" 
2025-04-16 23:50:37-763 [main] INFO  o.s.c.c.c.ConfigServerConfigDataLoader - Fetching config from server at : http://localhost:8888 
2025-04-16 23:50:37-764 [main] INFO  o.s.c.c.c.ConfigServerConfigDataLoader - Located environment: name=service-finance, profiles=[default], label=null, version=b4ade5f53a672be1cb6f37597b095c5c36269e00, state= 
2025-04-16 23:50:37-765 [main] INFO  o.s.c.c.c.ConfigServerConfigDataLoader - Fetching config from server at : http://localhost:8888 
2025-04-16 23:50:37-765 [main] INFO  o.s.c.c.c.ConfigServerConfigDataLoader - Located environment: name=service-finance, profiles=[local], label=null, version=b4ade5f53a672be1cb6f37597b095c5c36269e00, state= 
2025-04-16 23:50:39-709 [main] INFO  o.s.d.r.c.RepositoryConfigurationDelegate - Bootstrapping Spring Data Reactive MongoDB repositories in DEFAULT mode. 
2025-04-16 23:50:39-991 [main] INFO  o.s.d.r.c.RepositoryConfigurationDelegate - Finished Spring Data repository scanning in 272 ms. Found 1 Reactive MongoDB repository interface. 
2025-04-16 23:50:40-357 [main] INFO  o.s.cloud.context.scope.GenericScope - BeanFactory id=9d08ea38-e954-3802-816c-54e86e93276c 
2025-04-16 23:50:41-501 [main] INFO  org.mongodb.driver.client - MongoClient with metadata {"driver": {"name": "mongo-java-driver|reactive-streams|spring-boot", "version": "5.2.1"}, "os": {"type": "Windows", "name": "Windows 10", "architecture": "amd64", "version": "10.0"}, "platform": "Java/Oracle Corporation/17.0.12+8-LTS-286"} created with settings MongoClientSettings{readPreference=primary, writeConcern=WriteConcern{w=null, wTimeout=null ms, journal=null}, retryWrites=true, retryReads=true, readConcern=ReadConcern{level=null}, credential=null, transportSettings=NettyTransportSettings{eventLoopGroup=io.netty.channel.nio.NioEventLoopGroup@2a2798a2, socketChannelClass=null, allocator=null, sslContext=null}, commandListeners=[io.micrometer.core.instrument.binder.mongodb.MongoMetricsCommandListener@2b9ecd05], codecRegistry=ProvidersCodecRegistry{codecProviders=[ValueCodecProvider{}, BsonValueCodecProvider{}, DBRefCodecProvider{}, DBObjectCodecProvider{}, DocumentCodecProvider{}, CollectionCodecProvider{}, IterableCodecProvider{}, MapCodecProvider{}, GeoJsonCodecProvider{}, GridFSFileCodecProvider{}, Jsr310CodecProvider{}, JsonObjectCodecProvider{}, BsonCodecProvider{}, EnumCodecProvider{}, com.mongodb.client.model.mql.ExpressionCodecProvider@31f1b268, com.mongodb.Jep395RecordCodecProvider@3ec7ad61, com.mongodb.KotlinCodecProvider@2833c093]}, loggerSettings=LoggerSettings{maxDocumentLength=1000}, clusterSettings={hosts=[localhost:27017], srvServiceName=mongodb, mode=SINGLE, requiredClusterType=UNKNOWN, requiredReplicaSetName='null', serverSelector='null', clusterListeners='[]', serverSelectionTimeout='30000 ms', localThreshold='15 ms'}, socketSettings=SocketSettings{connectTimeoutMS=10000, readTimeoutMS=0, receiveBufferSize=0, proxySettings=ProxySettings{host=null, port=null, username=null, password=null}}, heartbeatSocketSettings=SocketSettings{connectTimeoutMS=10000, readTimeoutMS=10000, receiveBufferSize=0, proxySettings=ProxySettings{host=null, port=null, username=null, password=null}}, connectionPoolSettings=ConnectionPoolSettings{maxSize=100, minSize=0, maxWaitTimeMS=120000, maxConnectionLifeTimeMS=0, maxConnectionIdleTimeMS=0, maintenanceInitialDelayMS=0, maintenanceFrequencyMS=60000, connectionPoolListeners=[io.micrometer.core.instrument.binder.mongodb.MongoMetricsConnectionPoolListener@7598d675], maxConnecting=2}, serverSettings=ServerSettings{heartbeatFrequencyMS=10000, minHeartbeatFrequencyMS=500, serverMonitoringMode=AUTO, serverListeners='[]', serverMonitorListeners='[]'}, sslSettings=SslSettings{enabled=false, invalidHostNameAllowed=false, context=null}, applicationName='null', compressorList=[], uuidRepresentation=JAVA_LEGACY, serverApi=null, autoEncryptionSettings=null, dnsClient=null, inetAddressResolver=null, contextProvider=null, timeoutMS=null} 
2025-04-16 23:50:41-760 [cluster-ClusterId{value='680088a1c16de47c788a0440', description='null'}-localhost:27017] INFO  org.mongodb.driver.cluster - Monitor thread successfully connected to server with description ServerDescription{address=localhost:27017, type=STANDALONE, cryptd=false, state=CONNECTED, ok=true, minWireVersion=0, maxWireVersion=25, maxDocumentSize=16777216, logicalSessionTimeoutMinutes=30, roundTripTimeNanos=111124400, minRoundTripTimeNanos=0} 
2025-04-16 23:50:43-046 [main] INFO  o.s.v.b.OptionalValidatorFactoryBean - Failed to set up a Bean Validation provider: jakarta.validation.NoProviderFoundException: Unable to create a Configuration, because no Jakarta Bean Validation provider could be found. Add a provider like Hibernate Validator (RI) to your classpath. 
2025-04-16 23:50:43-674 [main] INFO  o.s.b.a.e.web.EndpointLinksResolver - Exposing 2 endpoints beneath base path '/actuator' 
2025-04-16 23:50:44-411 [main] INFO  o.s.c.n.e.c.DiscoveryClientOptionalArgsConfiguration - Eureka HTTP Client uses RestTemplate. 
2025-04-16 23:50:44-485 [main] WARN  o.s.c.l.c.LoadBalancerCacheAutoConfiguration$LoadBalancerCaffeineWarnLogger - Spring Cloud LoadBalancer is currently working with the default cache. While this cache implementation is useful for development and tests, it's recommended to use Caffeine cache in production.You can switch to using Caffeine cache, by adding it and org.springframework.cache.caffeine.CaffeineCacheManager to the classpath. 
2025-04-16 23:50:44-565 [main] INFO  o.s.c.n.eureka.InstanceInfoFactory - Setting initial instance status as: STARTING 
2025-04-16 23:50:44-622 [main] INFO  c.netflix.discovery.DiscoveryClient - Initializing Eureka in region us-east-1 
2025-04-16 23:50:44-634 [main] INFO  c.n.d.s.r.aws.ConfigClusterResolver - Resolving eureka endpoints via configuration 
2025-04-16 23:50:44-656 [main] INFO  c.netflix.discovery.DiscoveryClient - Disable delta property : false 
2025-04-16 23:50:44-657 [main] INFO  c.netflix.discovery.DiscoveryClient - Single vip registry refresh property : null 
2025-04-16 23:50:44-657 [main] INFO  c.netflix.discovery.DiscoveryClient - Force full registry fetch : false 
2025-04-16 23:50:44-657 [main] INFO  c.netflix.discovery.DiscoveryClient - Application is null : false 
2025-04-16 23:50:44-657 [main] INFO  c.netflix.discovery.DiscoveryClient - Registered Applications size is zero : true 
2025-04-16 23:50:44-657 [main] INFO  c.netflix.discovery.DiscoveryClient - Application version is -1: true 
2025-04-16 23:50:44-658 [main] INFO  c.netflix.discovery.DiscoveryClient - Getting all instance registry info from the eureka server 
2025-04-16 23:50:45-145 [main] INFO  c.netflix.discovery.DiscoveryClient - The response status is 200 
2025-04-16 23:50:45-149 [main] INFO  c.netflix.discovery.DiscoveryClient - Starting heartbeat executor: renew interval is: 30 
2025-04-16 23:50:45-153 [main] INFO  c.n.discovery.InstanceInfoReplicator - InstanceInfoReplicator onDemand update allowed rate per min is 4 
2025-04-16 23:50:45-156 [main] INFO  c.netflix.discovery.DiscoveryClient - Discovery Client initialized at timestamp 1744865445155 with initial instances count: 1 
2025-04-16 23:50:45-162 [main] INFO  o.s.c.n.e.s.EurekaServiceRegistry - Registering application SERVICE-FINANCE with eureka with status UP 
2025-04-16 23:50:45-164 [main] INFO  c.netflix.discovery.DiscoveryClient - Saw local status change event StatusChangeEvent [timestamp=1744865445163, current=UP, previous=STARTING] 
2025-04-16 23:50:45-166 [DiscoveryClient-InstanceInfoReplicator-%d] INFO  c.netflix.discovery.DiscoveryClient - DiscoveryClient_SERVICE-FINANCE/service-finance:8686: registering service... 
2025-04-16 23:50:45-202 [main] INFO  c.b.s.f.e.ServiceFinanceDelegateImplTest - Started ServiceFinanceDelegateImplTest in 12.567 seconds (process running for 15.888) 
2025-04-16 23:50:45-252 [DiscoveryClient-InstanceInfoReplicator-%d] INFO  c.netflix.discovery.DiscoveryClient - DiscoveryClient_SERVICE-FINANCE/service-finance:8686 - registration status: 204 
2025-04-16 23:50:46-614 [SpringApplicationShutdownHook] INFO  o.s.c.n.e.s.EurekaServiceRegistry - Unregistering application SERVICE-FINANCE with eureka with status DOWN 
2025-04-16 23:50:46-615 [SpringApplicationShutdownHook] INFO  c.netflix.discovery.DiscoveryClient - Saw local status change event StatusChangeEvent [timestamp=1744865446614, current=DOWN, previous=UP] 
2025-04-16 23:50:46-615 [DiscoveryClient-InstanceInfoReplicator-%d] INFO  c.netflix.discovery.DiscoveryClient - DiscoveryClient_SERVICE-FINANCE/service-finance:8686: registering service... 
2025-04-16 23:50:46-624 [DiscoveryClient-InstanceInfoReplicator-%d] INFO  c.netflix.discovery.DiscoveryClient - DiscoveryClient_SERVICE-FINANCE/service-finance:8686 - registration status: 204 
2025-04-16 23:50:48-740 [SpringApplicationShutdownHook] INFO  c.netflix.discovery.DiscoveryClient - Shutting down DiscoveryClient ... 
2025-04-16 23:50:51-742 [SpringApplicationShutdownHook] INFO  c.netflix.discovery.DiscoveryClient - Unregistering ... 
2025-04-16 23:50:51-766 [SpringApplicationShutdownHook] INFO  c.netflix.discovery.DiscoveryClient - DiscoveryClient_SERVICE-FINANCE/service-finance:8686 - deregister  status: 200 
2025-04-16 23:50:51-768 [SpringApplicationShutdownHook] INFO  c.netflix.discovery.DiscoveryClient - Completed shut down of DiscoveryClient 
2025-04-16 23:51:46-161 [main] INFO  o.s.t.c.s.AnnotationConfigContextLoaderUtils - Could not detect default configuration classes for test class [com.bootcamp.service.finance.expose.ServiceFinanceDelegateImplTest]: ServiceFinanceDelegateImplTest does not declare any static, non-private, non-final, nested classes annotated with @Configuration. 
2025-04-16 23:51:46-461 [main] INFO  o.s.b.t.c.SpringBootTestContextBootstrapper - Found @SpringBootConfiguration com.bootcamp.service.finance.ServiceFinanceApplication for test class com.bootcamp.service.finance.expose.ServiceFinanceDelegateImplTest 
2025-04-16 23:51:51-905 [main] INFO  c.b.s.f.e.ServiceFinanceDelegateImplTest - Starting ServiceFinanceDelegateImplTest using Java 17.0.12 with PID 22292 (started by mgarcsar in C:\Users\mgarcsar\Documents\Bootcamp\etregables\service-finance) 
2025-04-16 23:51:51-907 [main] INFO  c.b.s.f.e.ServiceFinanceDelegateImplTest - The following 1 profile is active: "local" 
2025-04-16 23:51:51-963 [main] INFO  o.s.c.c.c.ConfigServerConfigDataLoader - Fetching config from server at : http://localhost:8888 
2025-04-16 23:51:51-964 [main] INFO  o.s.c.c.c.ConfigServerConfigDataLoader - Located environment: name=service-finance, profiles=[default], label=null, version=b4ade5f53a672be1cb6f37597b095c5c36269e00, state= 
2025-04-16 23:51:51-964 [main] INFO  o.s.c.c.c.ConfigServerConfigDataLoader - Fetching config from server at : http://localhost:8888 
2025-04-16 23:51:51-964 [main] INFO  o.s.c.c.c.ConfigServerConfigDataLoader - Located environment: name=service-finance, profiles=[local], label=null, version=b4ade5f53a672be1cb6f37597b095c5c36269e00, state= 
2025-04-16 23:51:53-629 [main] INFO  o.s.d.r.c.RepositoryConfigurationDelegate - Bootstrapping Spring Data Reactive MongoDB repositories in DEFAULT mode. 
2025-04-16 23:51:53-874 [main] INFO  o.s.d.r.c.RepositoryConfigurationDelegate - Finished Spring Data repository scanning in 233 ms. Found 1 Reactive MongoDB repository interface. 
2025-04-16 23:51:54-240 [main] INFO  o.s.cloud.context.scope.GenericScope - BeanFactory id=9d08ea38-e954-3802-816c-54e86e93276c 
2025-04-16 23:51:55-477 [main] INFO  org.mongodb.driver.client - MongoClient with metadata {"driver": {"name": "mongo-java-driver|reactive-streams|spring-boot", "version": "5.2.1"}, "os": {"type": "Windows", "name": "Windows 10", "architecture": "amd64", "version": "10.0"}, "platform": "Java/Oracle Corporation/17.0.12+8-LTS-286"} created with settings MongoClientSettings{readPreference=primary, writeConcern=WriteConcern{w=null, wTimeout=null ms, journal=null}, retryWrites=true, retryReads=true, readConcern=ReadConcern{level=null}, credential=null, transportSettings=NettyTransportSettings{eventLoopGroup=io.netty.channel.nio.NioEventLoopGroup@2b058bfd, socketChannelClass=null, allocator=null, sslContext=null}, commandListeners=[io.micrometer.core.instrument.binder.mongodb.MongoMetricsCommandListener@4805069b], codecRegistry=ProvidersCodecRegistry{codecProviders=[ValueCodecProvider{}, BsonValueCodecProvider{}, DBRefCodecProvider{}, DBObjectCodecProvider{}, DocumentCodecProvider{}, CollectionCodecProvider{}, IterableCodecProvider{}, MapCodecProvider{}, GeoJsonCodecProvider{}, GridFSFileCodecProvider{}, Jsr310CodecProvider{}, JsonObjectCodecProvider{}, BsonCodecProvider{}, EnumCodecProvider{}, com.mongodb.client.model.mql.ExpressionCodecProvider@14ca88bc, com.mongodb.Jep395RecordCodecProvider@f01fc6d, com.mongodb.KotlinCodecProvider@85cd413]}, loggerSettings=LoggerSettings{maxDocumentLength=1000}, clusterSettings={hosts=[localhost:27017], srvServiceName=mongodb, mode=SINGLE, requiredClusterType=UNKNOWN, requiredReplicaSetName='null', serverSelector='null', clusterListeners='[]', serverSelectionTimeout='30000 ms', localThreshold='15 ms'}, socketSettings=SocketSettings{connectTimeoutMS=10000, readTimeoutMS=0, receiveBufferSize=0, proxySettings=ProxySettings{host=null, port=null, username=null, password=null}}, heartbeatSocketSettings=SocketSettings{connectTimeoutMS=10000, readTimeoutMS=10000, receiveBufferSize=0, proxySettings=ProxySettings{host=null, port=null, username=null, password=null}}, connectionPoolSettings=ConnectionPoolSettings{maxSize=100, minSize=0, maxWaitTimeMS=120000, maxConnectionLifeTimeMS=0, maxConnectionIdleTimeMS=0, maintenanceInitialDelayMS=0, maintenanceFrequencyMS=60000, connectionPoolListeners=[io.micrometer.core.instrument.binder.mongodb.MongoMetricsConnectionPoolListener@688d2a5d], maxConnecting=2}, serverSettings=ServerSettings{heartbeatFrequencyMS=10000, minHeartbeatFrequencyMS=500, serverMonitoringMode=AUTO, serverListeners='[]', serverMonitorListeners='[]'}, sslSettings=SslSettings{enabled=false, invalidHostNameAllowed=false, context=null}, applicationName='null', compressorList=[], uuidRepresentation=JAVA_LEGACY, serverApi=null, autoEncryptionSettings=null, dnsClient=null, inetAddressResolver=null, contextProvider=null, timeoutMS=null} 
2025-04-16 23:51:55-885 [cluster-ClusterId{value='680088eb6acb5b4839d77d61', description='null'}-localhost:27017] INFO  org.mongodb.driver.cluster - Monitor thread successfully connected to server with description ServerDescription{address=localhost:27017, type=STANDALONE, cryptd=false, state=CONNECTED, ok=true, minWireVersion=0, maxWireVersion=25, maxDocumentSize=16777216, logicalSessionTimeoutMinutes=30, roundTripTimeNanos=119056401, minRoundTripTimeNanos=0} 
2025-04-16 23:51:57-685 [main] INFO  o.s.v.b.OptionalValidatorFactoryBean - Failed to set up a Bean Validation provider: jakarta.validation.NoProviderFoundException: Unable to create a Configuration, because no Jakarta Bean Validation provider could be found. Add a provider like Hibernate Validator (RI) to your classpath. 
2025-04-16 23:51:58-390 [main] INFO  o.s.b.a.e.web.EndpointLinksResolver - Exposing 2 endpoints beneath base path '/actuator' 
2025-04-16 23:51:59-274 [main] INFO  o.s.c.n.e.c.DiscoveryClientOptionalArgsConfiguration - Eureka HTTP Client uses RestTemplate. 
2025-04-16 23:51:59-355 [main] WARN  o.s.c.l.c.LoadBalancerCacheAutoConfiguration$LoadBalancerCaffeineWarnLogger - Spring Cloud LoadBalancer is currently working with the default cache. While this cache implementation is useful for development and tests, it's recommended to use Caffeine cache in production.You can switch to using Caffeine cache, by adding it and org.springframework.cache.caffeine.CaffeineCacheManager to the classpath. 
2025-04-16 23:51:59-444 [main] INFO  o.s.c.n.eureka.InstanceInfoFactory - Setting initial instance status as: STARTING 
2025-04-16 23:51:59-492 [main] INFO  c.netflix.discovery.DiscoveryClient - Initializing Eureka in region us-east-1 
2025-04-16 23:51:59-505 [main] INFO  c.n.d.s.r.aws.ConfigClusterResolver - Resolving eureka endpoints via configuration 
2025-04-16 23:51:59-527 [main] INFO  c.netflix.discovery.DiscoveryClient - Disable delta property : false 
2025-04-16 23:51:59-527 [main] INFO  c.netflix.discovery.DiscoveryClient - Single vip registry refresh property : null 
2025-04-16 23:51:59-527 [main] INFO  c.netflix.discovery.DiscoveryClient - Force full registry fetch : false 
2025-04-16 23:51:59-527 [main] INFO  c.netflix.discovery.DiscoveryClient - Application is null : false 
2025-04-16 23:51:59-527 [main] INFO  c.netflix.discovery.DiscoveryClient - Registered Applications size is zero : true 
2025-04-16 23:51:59-527 [main] INFO  c.netflix.discovery.DiscoveryClient - Application version is -1: true 
2025-04-16 23:51:59-527 [main] INFO  c.netflix.discovery.DiscoveryClient - Getting all instance registry info from the eureka server 
2025-04-16 23:52:00-056 [main] INFO  c.netflix.discovery.DiscoveryClient - The response status is 200 
2025-04-16 23:52:00-061 [main] INFO  c.netflix.discovery.DiscoveryClient - Starting heartbeat executor: renew interval is: 30 
2025-04-16 23:52:00-066 [main] INFO  c.n.discovery.InstanceInfoReplicator - InstanceInfoReplicator onDemand update allowed rate per min is 4 
2025-04-16 23:52:00-070 [main] INFO  c.netflix.discovery.DiscoveryClient - Discovery Client initialized at timestamp 1744865520070 with initial instances count: 1 
2025-04-16 23:52:00-076 [main] INFO  o.s.c.n.e.s.EurekaServiceRegistry - Registering application SERVICE-FINANCE with eureka with status UP 
2025-04-16 23:52:00-078 [main] INFO  c.netflix.discovery.DiscoveryClient - Saw local status change event StatusChangeEvent [timestamp=1744865520078, current=UP, previous=STARTING] 
2025-04-16 23:52:00-082 [DiscoveryClient-InstanceInfoReplicator-%d] INFO  c.netflix.discovery.DiscoveryClient - DiscoveryClient_SERVICE-FINANCE/service-finance:8686: registering service... 
2025-04-16 23:52:00-129 [main] INFO  c.b.s.f.e.ServiceFinanceDelegateImplTest - Started ServiceFinanceDelegateImplTest in 13.07 seconds (process running for 16.027) 
2025-04-16 23:52:00-181 [DiscoveryClient-InstanceInfoReplicator-%d] INFO  c.netflix.discovery.DiscoveryClient - DiscoveryClient_SERVICE-FINANCE/service-finance:8686 - registration status: 204 
2025-04-16 23:52:11-822 [SpringApplicationShutdownHook] INFO  o.s.c.n.e.s.EurekaServiceRegistry - Unregistering application SERVICE-FINANCE with eureka with status DOWN 
2025-04-16 23:52:11-822 [SpringApplicationShutdownHook] INFO  c.netflix.discovery.DiscoveryClient - Saw local status change event StatusChangeEvent [timestamp=1744865531822, current=DOWN, previous=UP] 
2025-04-16 23:52:11-823 [DiscoveryClient-InstanceInfoReplicator-%d] INFO  c.netflix.discovery.DiscoveryClient - DiscoveryClient_SERVICE-FINANCE/service-finance:8686: registering service... 
2025-04-16 23:52:11-832 [DiscoveryClient-InstanceInfoReplicator-%d] INFO  c.netflix.discovery.DiscoveryClient - DiscoveryClient_SERVICE-FINANCE/service-finance:8686 - registration status: 204 
2025-04-16 23:52:13-946 [SpringApplicationShutdownHook] INFO  c.netflix.discovery.DiscoveryClient - Shutting down DiscoveryClient ... 
2025-04-16 23:52:16-949 [SpringApplicationShutdownHook] INFO  c.netflix.discovery.DiscoveryClient - Unregistering ... 
2025-04-16 23:52:16-970 [SpringApplicationShutdownHook] INFO  c.netflix.discovery.DiscoveryClient - DiscoveryClient_SERVICE-FINANCE/service-finance:8686 - deregister  status: 200 
2025-04-16 23:52:16-971 [SpringApplicationShutdownHook] INFO  c.netflix.discovery.DiscoveryClient - Completed shut down of DiscoveryClient 
2025-04-16 23:53:19-775 [main] INFO  o.s.t.c.s.AnnotationConfigContextLoaderUtils - Could not detect default configuration classes for test class [com.bootcamp.service.finance.expose.ServiceFinanceDelegateImplTest]: ServiceFinanceDelegateImplTest does not declare any static, non-private, non-final, nested classes annotated with @Configuration. 
2025-04-16 23:53:20-019 [main] INFO  o.s.b.t.c.SpringBootTestContextBootstrapper - Found @SpringBootConfiguration com.bootcamp.service.finance.ServiceFinanceApplication for test class com.bootcamp.service.finance.expose.ServiceFinanceDelegateImplTest 
2025-04-16 23:53:25-521 [main] INFO  c.b.s.f.e.ServiceFinanceDelegateImplTest - Starting ServiceFinanceDelegateImplTest using Java 17.0.12 with PID 16092 (started by mgarcsar in C:\Users\mgarcsar\Documents\Bootcamp\etregables\service-finance) 
2025-04-16 23:53:25-523 [main] INFO  c.b.s.f.e.ServiceFinanceDelegateImplTest - The following 1 profile is active: "local" 
2025-04-16 23:53:25-578 [main] INFO  o.s.c.c.c.ConfigServerConfigDataLoader - Fetching config from server at : http://localhost:8888 
2025-04-16 23:53:25-579 [main] INFO  o.s.c.c.c.ConfigServerConfigDataLoader - Located environment: name=service-finance, profiles=[default], label=null, version=b4ade5f53a672be1cb6f37597b095c5c36269e00, state= 
2025-04-16 23:53:25-579 [main] INFO  o.s.c.c.c.ConfigServerConfigDataLoader - Fetching config from server at : http://localhost:8888 
2025-04-16 23:53:25-579 [main] INFO  o.s.c.c.c.ConfigServerConfigDataLoader - Located environment: name=service-finance, profiles=[local], label=null, version=b4ade5f53a672be1cb6f37597b095c5c36269e00, state= 
2025-04-16 23:53:27-361 [main] INFO  o.s.d.r.c.RepositoryConfigurationDelegate - Bootstrapping Spring Data Reactive MongoDB repositories in DEFAULT mode. 
2025-04-16 23:53:27-571 [main] INFO  o.s.d.r.c.RepositoryConfigurationDelegate - Finished Spring Data repository scanning in 201 ms. Found 1 Reactive MongoDB repository interface. 
2025-04-16 23:53:27-894 [main] INFO  o.s.cloud.context.scope.GenericScope - BeanFactory id=9d08ea38-e954-3802-816c-54e86e93276c 
2025-04-16 23:53:28-965 [main] INFO  org.mongodb.driver.client - MongoClient with metadata {"driver": {"name": "mongo-java-driver|reactive-streams|spring-boot", "version": "5.2.1"}, "os": {"type": "Windows", "name": "Windows 10", "architecture": "amd64", "version": "10.0"}, "platform": "Java/Oracle Corporation/17.0.12+8-LTS-286"} created with settings MongoClientSettings{readPreference=primary, writeConcern=WriteConcern{w=null, wTimeout=null ms, journal=null}, retryWrites=true, retryReads=true, readConcern=ReadConcern{level=null}, credential=null, transportSettings=NettyTransportSettings{eventLoopGroup=io.netty.channel.nio.NioEventLoopGroup@f01fc6d, socketChannelClass=null, allocator=null, sslContext=null}, commandListeners=[io.micrometer.core.instrument.binder.mongodb.MongoMetricsCommandListener@85cd413], codecRegistry=ProvidersCodecRegistry{codecProviders=[ValueCodecProvider{}, BsonValueCodecProvider{}, DBRefCodecProvider{}, DBObjectCodecProvider{}, DocumentCodecProvider{}, CollectionCodecProvider{}, IterableCodecProvider{}, MapCodecProvider{}, GeoJsonCodecProvider{}, GridFSFileCodecProvider{}, Jsr310CodecProvider{}, JsonObjectCodecProvider{}, BsonCodecProvider{}, EnumCodecProvider{}, com.mongodb.client.model.mql.ExpressionCodecProvider@688d2a5d, com.mongodb.Jep395RecordCodecProvider@2842c098, com.mongodb.KotlinCodecProvider@2820b369]}, loggerSettings=LoggerSettings{maxDocumentLength=1000}, clusterSettings={hosts=[localhost:27017], srvServiceName=mongodb, mode=SINGLE, requiredClusterType=UNKNOWN, requiredReplicaSetName='null', serverSelector='null', clusterListeners='[]', serverSelectionTimeout='30000 ms', localThreshold='15 ms'}, socketSettings=SocketSettings{connectTimeoutMS=10000, readTimeoutMS=0, receiveBufferSize=0, proxySettings=ProxySettings{host=null, port=null, username=null, password=null}}, heartbeatSocketSettings=SocketSettings{connectTimeoutMS=10000, readTimeoutMS=10000, receiveBufferSize=0, proxySettings=ProxySettings{host=null, port=null, username=null, password=null}}, connectionPoolSettings=ConnectionPoolSettings{maxSize=100, minSize=0, maxWaitTimeMS=120000, maxConnectionLifeTimeMS=0, maxConnectionIdleTimeMS=0, maintenanceInitialDelayMS=0, maintenanceFrequencyMS=60000, connectionPoolListeners=[io.micrometer.core.instrument.binder.mongodb.MongoMetricsConnectionPoolListener@46b21632], maxConnecting=2}, serverSettings=ServerSettings{heartbeatFrequencyMS=10000, minHeartbeatFrequencyMS=500, serverMonitoringMode=AUTO, serverListeners='[]', serverMonitorListeners='[]'}, sslSettings=SslSettings{enabled=false, invalidHostNameAllowed=false, context=null}, applicationName='null', compressorList=[], uuidRepresentation=JAVA_LEGACY, serverApi=null, autoEncryptionSettings=null, dnsClient=null, inetAddressResolver=null, contextProvider=null, timeoutMS=null} 
2025-04-16 23:53:29-247 [cluster-ClusterId{value='68008948088f0e5cf88ed153', description='null'}-localhost:27017] INFO  org.mongodb.driver.cluster - Monitor thread successfully connected to server with description ServerDescription{address=localhost:27017, type=STANDALONE, cryptd=false, state=CONNECTED, ok=true, minWireVersion=0, maxWireVersion=25, maxDocumentSize=16777216, logicalSessionTimeoutMinutes=30, roundTripTimeNanos=112118700, minRoundTripTimeNanos=0} 
2025-04-16 23:53:30-476 [main] INFO  o.s.v.b.OptionalValidatorFactoryBean - Failed to set up a Bean Validation provider: jakarta.validation.NoProviderFoundException: Unable to create a Configuration, because no Jakarta Bean Validation provider could be found. Add a provider like Hibernate Validator (RI) to your classpath. 
2025-04-16 23:53:31-151 [main] INFO  o.s.b.a.e.web.EndpointLinksResolver - Exposing 2 endpoints beneath base path '/actuator' 
2025-04-16 23:53:31-989 [main] INFO  o.s.c.n.e.c.DiscoveryClientOptionalArgsConfiguration - Eureka HTTP Client uses RestTemplate. 
2025-04-16 23:53:32-084 [main] WARN  o.s.c.l.c.LoadBalancerCacheAutoConfiguration$LoadBalancerCaffeineWarnLogger - Spring Cloud LoadBalancer is currently working with the default cache. While this cache implementation is useful for development and tests, it's recommended to use Caffeine cache in production.You can switch to using Caffeine cache, by adding it and org.springframework.cache.caffeine.CaffeineCacheManager to the classpath. 
2025-04-16 23:53:32-175 [main] INFO  o.s.c.n.eureka.InstanceInfoFactory - Setting initial instance status as: STARTING 
2025-04-16 23:53:32-235 [main] INFO  c.netflix.discovery.DiscoveryClient - Initializing Eureka in region us-east-1 
2025-04-16 23:53:32-244 [main] INFO  c.n.d.s.r.aws.ConfigClusterResolver - Resolving eureka endpoints via configuration 
2025-04-16 23:53:32-265 [main] INFO  c.netflix.discovery.DiscoveryClient - Disable delta property : false 
2025-04-16 23:53:32-265 [main] INFO  c.netflix.discovery.DiscoveryClient - Single vip registry refresh property : null 
2025-04-16 23:53:32-265 [main] INFO  c.netflix.discovery.DiscoveryClient - Force full registry fetch : false 
2025-04-16 23:53:32-266 [main] INFO  c.netflix.discovery.DiscoveryClient - Application is null : false 
2025-04-16 23:53:32-267 [main] INFO  c.netflix.discovery.DiscoveryClient - Registered Applications size is zero : true 
2025-04-16 23:53:32-267 [main] INFO  c.netflix.discovery.DiscoveryClient - Application version is -1: true 
2025-04-16 23:53:32-267 [main] INFO  c.netflix.discovery.DiscoveryClient - Getting all instance registry info from the eureka server 
2025-04-16 23:53:32-839 [main] INFO  c.netflix.discovery.DiscoveryClient - The response status is 200 
2025-04-16 23:53:32-844 [main] INFO  c.netflix.discovery.DiscoveryClient - Starting heartbeat executor: renew interval is: 30 
2025-04-16 23:53:32-848 [main] INFO  c.n.discovery.InstanceInfoReplicator - InstanceInfoReplicator onDemand update allowed rate per min is 4 
2025-04-16 23:53:32-850 [main] INFO  c.netflix.discovery.DiscoveryClient - Discovery Client initialized at timestamp 1744865612850 with initial instances count: 1 
2025-04-16 23:53:32-856 [main] INFO  o.s.c.n.e.s.EurekaServiceRegistry - Registering application SERVICE-FINANCE with eureka with status UP 
2025-04-16 23:53:32-859 [main] INFO  c.netflix.discovery.DiscoveryClient - Saw local status change event StatusChangeEvent [timestamp=1744865612859, current=UP, previous=STARTING] 
2025-04-16 23:53:32-863 [DiscoveryClient-InstanceInfoReplicator-%d] INFO  c.netflix.discovery.DiscoveryClient - DiscoveryClient_SERVICE-FINANCE/service-finance:8686: registering service... 
2025-04-16 23:53:32-903 [main] INFO  c.b.s.f.e.ServiceFinanceDelegateImplTest - Started ServiceFinanceDelegateImplTest in 12.297 seconds (process running for 15.103) 
2025-04-16 23:53:32-937 [DiscoveryClient-InstanceInfoReplicator-%d] INFO  c.netflix.discovery.DiscoveryClient - DiscoveryClient_SERVICE-FINANCE/service-finance:8686 - registration status: 204 
2025-04-16 23:53:54-941 [SpringApplicationShutdownHook] INFO  o.s.c.n.e.s.EurekaServiceRegistry - Unregistering application SERVICE-FINANCE with eureka with status DOWN 
2025-04-16 23:53:54-942 [SpringApplicationShutdownHook] INFO  c.netflix.discovery.DiscoveryClient - Saw local status change event StatusChangeEvent [timestamp=1744865634942, current=DOWN, previous=UP] 
2025-04-16 23:53:54-942 [DiscoveryClient-InstanceInfoReplicator-%d] INFO  c.netflix.discovery.DiscoveryClient - DiscoveryClient_SERVICE-FINANCE/service-finance:8686: registering service... 
2025-04-16 23:53:55-081 [DiscoveryClient-InstanceInfoReplicator-%d] INFO  c.netflix.discovery.DiscoveryClient - DiscoveryClient_SERVICE-FINANCE/service-finance:8686 - registration status: 204 
2025-04-16 23:53:57-078 [SpringApplicationShutdownHook] INFO  c.netflix.discovery.DiscoveryClient - Shutting down DiscoveryClient ... 
2025-04-16 23:54:00-095 [SpringApplicationShutdownHook] INFO  c.netflix.discovery.DiscoveryClient - Unregistering ... 
2025-04-16 23:54:00-116 [SpringApplicationShutdownHook] INFO  c.netflix.discovery.DiscoveryClient - DiscoveryClient_SERVICE-FINANCE/service-finance:8686 - deregister  status: 200 
2025-04-16 23:54:00-116 [SpringApplicationShutdownHook] INFO  c.netflix.discovery.DiscoveryClient - Completed shut down of DiscoveryClient 
2025-04-16 23:54:47-310 [main] INFO  o.s.t.c.s.AnnotationConfigContextLoaderUtils - Could not detect default configuration classes for test class [com.bootcamp.service.finance.expose.ServiceFinanceDelegateImplTest]: ServiceFinanceDelegateImplTest does not declare any static, non-private, non-final, nested classes annotated with @Configuration. 
2025-04-16 23:54:47-576 [main] INFO  o.s.b.t.c.SpringBootTestContextBootstrapper - Found @SpringBootConfiguration com.bootcamp.service.finance.ServiceFinanceApplication for test class com.bootcamp.service.finance.expose.ServiceFinanceDelegateImplTest 
2025-04-16 23:54:54-396 [main] INFO  c.b.s.f.e.ServiceFinanceDelegateImplTest - Starting ServiceFinanceDelegateImplTest using Java 17.0.12 with PID 12212 (started by mgarcsar in C:\Users\mgarcsar\Documents\Bootcamp\etregables\service-finance) 
2025-04-16 23:54:54-399 [main] INFO  c.b.s.f.e.ServiceFinanceDelegateImplTest - The following 1 profile is active: "local" 
2025-04-16 23:54:54-479 [main] INFO  o.s.c.c.c.ConfigServerConfigDataLoader - Fetching config from server at : http://localhost:8888 
2025-04-16 23:54:54-479 [main] INFO  o.s.c.c.c.ConfigServerConfigDataLoader - Located environment: name=service-finance, profiles=[default], label=null, version=b4ade5f53a672be1cb6f37597b095c5c36269e00, state= 
2025-04-16 23:54:54-480 [main] INFO  o.s.c.c.c.ConfigServerConfigDataLoader - Fetching config from server at : http://localhost:8888 
2025-04-16 23:54:54-480 [main] INFO  o.s.c.c.c.ConfigServerConfigDataLoader - Located environment: name=service-finance, profiles=[local], label=null, version=b4ade5f53a672be1cb6f37597b095c5c36269e00, state= 
2025-04-16 23:54:57-507 [main] INFO  o.s.d.r.c.RepositoryConfigurationDelegate - Bootstrapping Spring Data Reactive MongoDB repositories in DEFAULT mode. 
2025-04-16 23:54:57-932 [main] INFO  o.s.d.r.c.RepositoryConfigurationDelegate - Finished Spring Data repository scanning in 408 ms. Found 1 Reactive MongoDB repository interface. 
2025-04-16 23:54:58-417 [main] INFO  o.s.cloud.context.scope.GenericScope - BeanFactory id=9d08ea38-e954-3802-816c-54e86e93276c 
2025-04-16 23:55:00-117 [main] INFO  org.mongodb.driver.client - MongoClient with metadata {"driver": {"name": "mongo-java-driver|reactive-streams|spring-boot", "version": "5.2.1"}, "os": {"type": "Windows", "name": "Windows 10", "architecture": "amd64", "version": "10.0"}, "platform": "Java/Oracle Corporation/17.0.12+8-LTS-286"} created with settings MongoClientSettings{readPreference=primary, writeConcern=WriteConcern{w=null, wTimeout=null ms, journal=null}, retryWrites=true, retryReads=true, readConcern=ReadConcern{level=null}, credential=null, transportSettings=NettyTransportSettings{eventLoopGroup=io.netty.channel.nio.NioEventLoopGroup@323efafe, socketChannelClass=null, allocator=null, sslContext=null}, commandListeners=[io.micrometer.core.instrument.binder.mongodb.MongoMetricsCommandListener@32dbca45], codecRegistry=ProvidersCodecRegistry{codecProviders=[ValueCodecProvider{}, BsonValueCodecProvider{}, DBRefCodecProvider{}, DBObjectCodecProvider{}, DocumentCodecProvider{}, CollectionCodecProvider{}, IterableCodecProvider{}, MapCodecProvider{}, GeoJsonCodecProvider{}, GridFSFileCodecProvider{}, Jsr310CodecProvider{}, JsonObjectCodecProvider{}, BsonCodecProvider{}, EnumCodecProvider{}, com.mongodb.client.model.mql.ExpressionCodecProvider@2cc34cd5, com.mongodb.Jep395RecordCodecProvider@684b26b7, com.mongodb.KotlinCodecProvider@2de7c84a]}, loggerSettings=LoggerSettings{maxDocumentLength=1000}, clusterSettings={hosts=[localhost:27017], srvServiceName=mongodb, mode=SINGLE, requiredClusterType=UNKNOWN, requiredReplicaSetName='null', serverSelector='null', clusterListeners='[]', serverSelectionTimeout='30000 ms', localThreshold='15 ms'}, socketSettings=SocketSettings{connectTimeoutMS=10000, readTimeoutMS=0, receiveBufferSize=0, proxySettings=ProxySettings{host=null, port=null, username=null, password=null}}, heartbeatSocketSettings=SocketSettings{connectTimeoutMS=10000, readTimeoutMS=10000, receiveBufferSize=0, proxySettings=ProxySettings{host=null, port=null, username=null, password=null}}, connectionPoolSettings=ConnectionPoolSettings{maxSize=100, minSize=0, maxWaitTimeMS=120000, maxConnectionLifeTimeMS=0, maxConnectionIdleTimeMS=0, maintenanceInitialDelayMS=0, maintenanceFrequencyMS=60000, connectionPoolListeners=[io.micrometer.core.instrument.binder.mongodb.MongoMetricsConnectionPoolListener@4182a651], maxConnecting=2}, serverSettings=ServerSettings{heartbeatFrequencyMS=10000, minHeartbeatFrequencyMS=500, serverMonitoringMode=AUTO, serverListeners='[]', serverMonitorListeners='[]'}, sslSettings=SslSettings{enabled=false, invalidHostNameAllowed=false, context=null}, applicationName='null', compressorList=[], uuidRepresentation=JAVA_LEGACY, serverApi=null, autoEncryptionSettings=null, dnsClient=null, inetAddressResolver=null, contextProvider=null, timeoutMS=null} 
2025-04-16 23:55:00-511 [cluster-ClusterId{value='680089a3cec47c4f555bb0b5', description='null'}-localhost:27017] INFO  org.mongodb.driver.cluster - Monitor thread successfully connected to server with description ServerDescription{address=localhost:27017, type=STANDALONE, cryptd=false, state=CONNECTED, ok=true, minWireVersion=0, maxWireVersion=25, maxDocumentSize=16777216, logicalSessionTimeoutMinutes=30, roundTripTimeNanos=154017700, minRoundTripTimeNanos=0} 
2025-04-16 23:55:02-655 [main] INFO  o.s.v.b.OptionalValidatorFactoryBean - Failed to set up a Bean Validation provider: jakarta.validation.NoProviderFoundException: Unable to create a Configuration, because no Jakarta Bean Validation provider could be found. Add a provider like Hibernate Validator (RI) to your classpath. 
2025-04-16 23:55:03-780 [main] INFO  o.s.b.a.e.web.EndpointLinksResolver - Exposing 2 endpoints beneath base path '/actuator' 
2025-04-16 23:55:05-103 [main] INFO  o.s.c.n.e.c.DiscoveryClientOptionalArgsConfiguration - Eureka HTTP Client uses RestTemplate. 
2025-04-16 23:55:05-238 [main] WARN  o.s.c.l.c.LoadBalancerCacheAutoConfiguration$LoadBalancerCaffeineWarnLogger - Spring Cloud LoadBalancer is currently working with the default cache. While this cache implementation is useful for development and tests, it's recommended to use Caffeine cache in production.You can switch to using Caffeine cache, by adding it and org.springframework.cache.caffeine.CaffeineCacheManager to the classpath. 
2025-04-16 23:55:05-377 [main] INFO  o.s.c.n.eureka.InstanceInfoFactory - Setting initial instance status as: STARTING 
2025-04-16 23:55:05-455 [main] INFO  c.netflix.discovery.DiscoveryClient - Initializing Eureka in region us-east-1 
2025-04-16 23:55:05-472 [main] INFO  c.n.d.s.r.aws.ConfigClusterResolver - Resolving eureka endpoints via configuration 
2025-04-16 23:55:05-498 [main] INFO  c.netflix.discovery.DiscoveryClient - Disable delta property : false 
2025-04-16 23:55:05-499 [main] INFO  c.netflix.discovery.DiscoveryClient - Single vip registry refresh property : null 
2025-04-16 23:55:05-499 [main] INFO  c.netflix.discovery.DiscoveryClient - Force full registry fetch : false 
2025-04-16 23:55:05-499 [main] INFO  c.netflix.discovery.DiscoveryClient - Application is null : false 
2025-04-16 23:55:05-499 [main] INFO  c.netflix.discovery.DiscoveryClient - Registered Applications size is zero : true 
2025-04-16 23:55:05-499 [main] INFO  c.netflix.discovery.DiscoveryClient - Application version is -1: true 
2025-04-16 23:55:05-500 [main] INFO  c.netflix.discovery.DiscoveryClient - Getting all instance registry info from the eureka server 
2025-04-16 23:55:06-237 [main] INFO  c.netflix.discovery.DiscoveryClient - The response status is 200 
2025-04-16 23:55:06-241 [main] INFO  c.netflix.discovery.DiscoveryClient - Starting heartbeat executor: renew interval is: 30 
2025-04-16 23:55:06-250 [main] INFO  c.n.discovery.InstanceInfoReplicator - InstanceInfoReplicator onDemand update allowed rate per min is 4 
2025-04-16 23:55:06-255 [main] INFO  c.netflix.discovery.DiscoveryClient - Discovery Client initialized at timestamp 1744865706254 with initial instances count: 1 
2025-04-16 23:55:06-269 [main] INFO  o.s.c.n.e.s.EurekaServiceRegistry - Registering application SERVICE-FINANCE with eureka with status UP 
2025-04-16 23:55:06-270 [main] INFO  c.netflix.discovery.DiscoveryClient - Saw local status change event StatusChangeEvent [timestamp=1744865706270, current=UP, previous=STARTING] 
2025-04-16 23:55:06-302 [DiscoveryClient-InstanceInfoReplicator-%d] INFO  c.netflix.discovery.DiscoveryClient - DiscoveryClient_SERVICE-FINANCE/service-finance:8686: registering service... 
2025-04-16 23:55:06-377 [main] INFO  c.b.s.f.e.ServiceFinanceDelegateImplTest - Started ServiceFinanceDelegateImplTest in 18.111 seconds (process running for 21.298) 
2025-04-16 23:55:06-446 [DiscoveryClient-InstanceInfoReplicator-%d] INFO  c.netflix.discovery.DiscoveryClient - DiscoveryClient_SERVICE-FINANCE/service-finance:8686 - registration status: 204 
2025-04-16 23:55:08-348 [SpringApplicationShutdownHook] INFO  o.s.c.n.e.s.EurekaServiceRegistry - Unregistering application SERVICE-FINANCE with eureka with status DOWN 
2025-04-16 23:55:08-349 [SpringApplicationShutdownHook] INFO  c.netflix.discovery.DiscoveryClient - Saw local status change event StatusChangeEvent [timestamp=1744865708349, current=DOWN, previous=UP] 
2025-04-16 23:55:08-350 [DiscoveryClient-InstanceInfoReplicator-%d] INFO  c.netflix.discovery.DiscoveryClient - DiscoveryClient_SERVICE-FINANCE/service-finance:8686: registering service... 
2025-04-16 23:55:08-370 [DiscoveryClient-InstanceInfoReplicator-%d] INFO  c.netflix.discovery.DiscoveryClient - DiscoveryClient_SERVICE-FINANCE/service-finance:8686 - registration status: 204 
2025-04-16 23:55:10-503 [SpringApplicationShutdownHook] INFO  c.netflix.discovery.DiscoveryClient - Shutting down DiscoveryClient ... 
2025-04-16 23:55:13-516 [SpringApplicationShutdownHook] INFO  c.netflix.discovery.DiscoveryClient - Unregistering ... 
2025-04-16 23:55:13-537 [SpringApplicationShutdownHook] INFO  c.netflix.discovery.DiscoveryClient - DiscoveryClient_SERVICE-FINANCE/service-finance:8686 - deregister  status: 200 
2025-04-16 23:55:13-539 [SpringApplicationShutdownHook] INFO  c.netflix.discovery.DiscoveryClient - Completed shut down of DiscoveryClient 
2025-04-16 23:56:41-206 [main] INFO  c.b.s.f.ServiceFinanceApplication - Starting ServiceFinanceApplication using Java 17.0.12 with PID 27712 (C:\Users\mgarcsar\Documents\Bootcamp\etregables\service-finance\target\classes started by mgarcsar in C:\Users\mgarcsar\Documents\Bootcamp\etregables\service-finance) 
2025-04-16 23:56:41-209 [main] INFO  c.b.s.f.ServiceFinanceApplication - The following 1 profile is active: "local" 
2025-04-16 23:56:41-259 [main] INFO  o.s.c.c.c.ConfigServerConfigDataLoader - Fetching config from server at : http://localhost:8888 
2025-04-16 23:56:41-260 [main] INFO  o.s.c.c.c.ConfigServerConfigDataLoader - Located environment: name=service-finance, profiles=[default], label=null, version=b4ade5f53a672be1cb6f37597b095c5c36269e00, state= 
2025-04-16 23:56:41-260 [main] INFO  o.s.c.c.c.ConfigServerConfigDataLoader - Fetching config from server at : http://localhost:8888 
2025-04-16 23:56:41-260 [main] INFO  o.s.c.c.c.ConfigServerConfigDataLoader - Located environment: name=service-finance, profiles=[local], label=null, version=b4ade5f53a672be1cb6f37597b095c5c36269e00, state= 
2025-04-16 23:56:42-816 [main] INFO  o.s.d.r.c.RepositoryConfigurationDelegate - Bootstrapping Spring Data Reactive MongoDB repositories in DEFAULT mode. 
2025-04-16 23:56:43-020 [main] INFO  o.s.d.r.c.RepositoryConfigurationDelegate - Finished Spring Data repository scanning in 195 ms. Found 1 Reactive MongoDB repository interface. 
2025-04-16 23:56:43-299 [main] INFO  o.s.cloud.context.scope.GenericScope - BeanFactory id=5c214d71-c906-3c25-b5d5-ffe189edf3e0 
2025-04-16 23:56:44-337 [main] INFO  org.mongodb.driver.client - MongoClient with metadata {"driver": {"name": "mongo-java-driver|reactive-streams|spring-boot", "version": "5.2.1"}, "os": {"type": "Windows", "name": "Windows 10", "architecture": "amd64", "version": "10.0"}, "platform": "Java/Oracle Corporation/17.0.12+8-LTS-286"} created with settings MongoClientSettings{readPreference=primary, writeConcern=WriteConcern{w=null, wTimeout=null ms, journal=null}, retryWrites=true, retryReads=true, readConcern=ReadConcern{level=null}, credential=null, transportSettings=NettyTransportSettings{eventLoopGroup=io.netty.channel.nio.NioEventLoopGroup@3e2772a9, socketChannelClass=null, allocator=null, sslContext=null}, commandListeners=[io.micrometer.core.instrument.binder.mongodb.MongoMetricsCommandListener@4449b273], codecRegistry=ProvidersCodecRegistry{codecProviders=[ValueCodecProvider{}, BsonValueCodecProvider{}, DBRefCodecProvider{}, DBObjectCodecProvider{}, DocumentCodecProvider{}, CollectionCodecProvider{}, IterableCodecProvider{}, MapCodecProvider{}, GeoJsonCodecProvider{}, GridFSFileCodecProvider{}, Jsr310CodecProvider{}, JsonObjectCodecProvider{}, BsonCodecProvider{}, EnumCodecProvider{}, com.mongodb.client.model.mql.ExpressionCodecProvider@1fa18f87, com.mongodb.Jep395RecordCodecProvider@1d9bd1d6, com.mongodb.KotlinCodecProvider@18ac4af6]}, loggerSettings=LoggerSettings{maxDocumentLength=1000}, clusterSettings={hosts=[localhost:27017], srvServiceName=mongodb, mode=SINGLE, requiredClusterType=UNKNOWN, requiredReplicaSetName='null', serverSelector='null', clusterListeners='[]', serverSelectionTimeout='30000 ms', localThreshold='15 ms'}, socketSettings=SocketSettings{connectTimeoutMS=10000, readTimeoutMS=0, receiveBufferSize=0, proxySettings=ProxySettings{host=null, port=null, username=null, password=null}}, heartbeatSocketSettings=SocketSettings{connectTimeoutMS=10000, readTimeoutMS=10000, receiveBufferSize=0, proxySettings=ProxySettings{host=null, port=null, username=null, password=null}}, connectionPoolSettings=ConnectionPoolSettings{maxSize=100, minSize=0, maxWaitTimeMS=120000, maxConnectionLifeTimeMS=0, maxConnectionIdleTimeMS=0, maintenanceInitialDelayMS=0, maintenanceFrequencyMS=60000, connectionPoolListeners=[io.micrometer.core.instrument.binder.mongodb.MongoMetricsConnectionPoolListener@117fb9ba], maxConnecting=2}, serverSettings=ServerSettings{heartbeatFrequencyMS=10000, minHeartbeatFrequencyMS=500, serverMonitoringMode=AUTO, serverListeners='[]', serverMonitorListeners='[]'}, sslSettings=SslSettings{enabled=false, invalidHostNameAllowed=false, context=null}, applicationName='null', compressorList=[], uuidRepresentation=JAVA_LEGACY, serverApi=null, autoEncryptionSettings=null, dnsClient=null, inetAddressResolver=null, contextProvider=null, timeoutMS=null} 
2025-04-16 23:56:44-508 [cluster-ClusterId{value='68008a0c9d19900431b1ce5b', description='null'}-localhost:27017] INFO  org.mongodb.driver.cluster - Monitor thread successfully connected to server with description ServerDescription{address=localhost:27017, type=STANDALONE, cryptd=false, state=CONNECTED, ok=true, minWireVersion=0, maxWireVersion=25, maxDocumentSize=16777216, logicalSessionTimeoutMinutes=30, roundTripTimeNanos=69936401, minRoundTripTimeNanos=0} 
2025-04-16 23:56:45-642 [main] INFO  o.s.v.b.OptionalValidatorFactoryBean - Failed to set up a Bean Validation provider: jakarta.validation.NoProviderFoundException: Unable to create a Configuration, because no Jakarta Bean Validation provider could be found. Add a provider like Hibernate Validator (RI) to your classpath. 
2025-04-16 23:56:46-275 [main] INFO  o.s.b.a.e.web.EndpointLinksResolver - Exposing 2 endpoints beneath base path '/actuator' 
2025-04-16 23:56:47-020 [main] INFO  o.s.c.n.e.c.DiscoveryClientOptionalArgsConfiguration - Eureka HTTP Client uses RestTemplate. 
2025-04-16 23:56:47-088 [main] WARN  o.s.c.l.c.LoadBalancerCacheAutoConfiguration$LoadBalancerCaffeineWarnLogger - Spring Cloud LoadBalancer is currently working with the default cache. While this cache implementation is useful for development and tests, it's recommended to use Caffeine cache in production.You can switch to using Caffeine cache, by adding it and org.springframework.cache.caffeine.CaffeineCacheManager to the classpath. 
2025-04-16 23:56:47-280 [main] INFO  o.s.c.n.eureka.InstanceInfoFactory - Setting initial instance status as: STARTING 
2025-04-16 23:56:47-345 [main] INFO  c.netflix.discovery.DiscoveryClient - Initializing Eureka in region us-east-1 
2025-04-16 23:56:47-356 [main] INFO  c.n.d.s.r.aws.ConfigClusterResolver - Resolving eureka endpoints via configuration 
2025-04-16 23:56:47-383 [main] INFO  c.netflix.discovery.DiscoveryClient - Disable delta property : false 
2025-04-16 23:56:47-384 [main] INFO  c.netflix.discovery.DiscoveryClient - Single vip registry refresh property : null 
2025-04-16 23:56:47-386 [main] INFO  c.netflix.discovery.DiscoveryClient - Force full registry fetch : false 
2025-04-16 23:56:47-386 [main] INFO  c.netflix.discovery.DiscoveryClient - Application is null : false 
2025-04-16 23:56:47-386 [main] INFO  c.netflix.discovery.DiscoveryClient - Registered Applications size is zero : true 
2025-04-16 23:56:47-386 [main] INFO  c.netflix.discovery.DiscoveryClient - Application version is -1: true 
2025-04-16 23:56:47-386 [main] INFO  c.netflix.discovery.DiscoveryClient - Getting all instance registry info from the eureka server 
2025-04-16 23:56:47-969 [main] INFO  c.netflix.discovery.DiscoveryClient - The response status is 200 
2025-04-16 23:56:47-972 [main] INFO  c.netflix.discovery.DiscoveryClient - Starting heartbeat executor: renew interval is: 30 
2025-04-16 23:56:47-975 [main] INFO  c.n.discovery.InstanceInfoReplicator - InstanceInfoReplicator onDemand update allowed rate per min is 4 
2025-04-16 23:56:47-978 [main] INFO  c.netflix.discovery.DiscoveryClient - Discovery Client initialized at timestamp 1744865807977 with initial instances count: 1 
2025-04-16 23:56:47-984 [main] INFO  o.s.c.n.e.s.EurekaServiceRegistry - Registering application SERVICE-FINANCE with eureka with status UP 
2025-04-16 23:56:47-985 [main] INFO  c.netflix.discovery.DiscoveryClient - Saw local status change event StatusChangeEvent [timestamp=1744865807985, current=UP, previous=STARTING] 
2025-04-16 23:56:47-988 [DiscoveryClient-InstanceInfoReplicator-%d] INFO  c.netflix.discovery.DiscoveryClient - DiscoveryClient_SERVICE-FINANCE/service-finance:8686: registering service... 
2025-04-16 23:56:48-062 [DiscoveryClient-InstanceInfoReplicator-%d] INFO  c.netflix.discovery.DiscoveryClient - DiscoveryClient_SERVICE-FINANCE/service-finance:8686 - registration status: 204 
2025-04-16 23:56:48-083 [main] INFO  o.s.b.w.e.netty.NettyWebServer - Netty started on port 8686 (http) 
2025-04-16 23:56:48-085 [main] INFO  o.s.c.n.e.s.EurekaAutoServiceRegistration - Updating port to 8686 
2025-04-16 23:56:48-529 [main] INFO  c.b.s.f.ServiceFinanceApplication - Started ServiceFinanceApplication in 12.309 seconds (process running for 13.965) 
2025-04-16 23:57:17-551 [reactor-http-nio-3] INFO  c.b.s.f.e.ServiceFinanceDelegateImpl -  -> Init save resume. 
2025-04-16 23:57:21-976 [reactor-http-nio-3] INFO  c.b.s.f.s.impl.ResumeServiceImpl - Saving resume Mono.just ⇢ at com.bootcamp.service.finance.expose.ServiceFinanceDelegateImpl.lambda$saveResume$0(ServiceFinanceDelegateImpl.java:28) 
2025-04-16 23:57:22-007 [reactor-http-nio-3] ERROR c.b.s.f.s.impl.ResumeServiceImpl - Error save resume Cannot invoke "com.bootcamp.service.finance.repository.dao.DaoResumeFactory.getResumeRepository()" because "this.daoResumeFactory" is null 
2025-04-16 23:57:38-377 [reactor-http-nio-3] INFO  c.b.s.f.e.ServiceFinanceDelegateImpl -  -> Init save resume. 
2025-04-16 23:57:38-380 [reactor-http-nio-3] INFO  c.b.s.f.s.impl.ResumeServiceImpl - Saving resume Mono.just ⇢ at com.bootcamp.service.finance.expose.ServiceFinanceDelegateImpl.lambda$saveResume$0(ServiceFinanceDelegateImpl.java:28) 
2025-04-16 23:57:38-380 [reactor-http-nio-3] ERROR c.b.s.f.s.impl.ResumeServiceImpl - Error save resume Cannot invoke "com.bootcamp.service.finance.repository.dao.DaoResumeFactory.getResumeRepository()" because "this.daoResumeFactory" is null 
2025-04-16 23:57:41-666 [reactor-http-nio-3] INFO  c.b.s.f.e.ServiceFinanceDelegateImpl -  -> Init save resume. 
2025-04-16 23:57:41-668 [reactor-http-nio-3] INFO  c.b.s.f.s.impl.ResumeServiceImpl - Saving resume Mono.just ⇢ at com.bootcamp.service.finance.expose.ServiceFinanceDelegateImpl.lambda$saveResume$0(ServiceFinanceDelegateImpl.java:28) 
2025-04-16 23:57:41-669 [reactor-http-nio-3] ERROR c.b.s.f.s.impl.ResumeServiceImpl - Error save resume Cannot invoke "com.bootcamp.service.finance.repository.dao.DaoResumeFactory.getResumeRepository()" because "this.daoResumeFactory" is null 
2025-04-16 23:58:10-610 [main] INFO  o.s.t.c.s.AnnotationConfigContextLoaderUtils - Could not detect default configuration classes for test class [com.bootcamp.service.finance.expose.ServiceFinanceDelegateImplTest]: ServiceFinanceDelegateImplTest does not declare any static, non-private, non-final, nested classes annotated with @Configuration. 
2025-04-16 23:58:10-884 [main] INFO  o.s.b.t.c.SpringBootTestContextBootstrapper - Found @SpringBootConfiguration com.bootcamp.service.finance.ServiceFinanceApplication for test class com.bootcamp.service.finance.expose.ServiceFinanceDelegateImplTest 
2025-04-16 23:58:17-220 [main] INFO  c.b.s.f.e.ServiceFinanceDelegateImplTest - Starting ServiceFinanceDelegateImplTest using Java 17.0.12 with PID 11716 (started by mgarcsar in C:\Users\mgarcsar\Documents\Bootcamp\etregables\service-finance) 
2025-04-16 23:58:17-223 [main] INFO  c.b.s.f.e.ServiceFinanceDelegateImplTest - The following 1 profile is active: "local" 
2025-04-16 23:58:17-283 [main] INFO  o.s.c.c.c.ConfigServerConfigDataLoader - Fetching config from server at : http://localhost:8888 
2025-04-16 23:58:17-283 [main] INFO  o.s.c.c.c.ConfigServerConfigDataLoader - Located environment: name=service-finance, profiles=[default], label=null, version=b4ade5f53a672be1cb6f37597b095c5c36269e00, state= 
2025-04-16 23:58:17-284 [main] INFO  o.s.c.c.c.ConfigServerConfigDataLoader - Fetching config from server at : http://localhost:8888 
2025-04-16 23:58:17-284 [main] INFO  o.s.c.c.c.ConfigServerConfigDataLoader - Located environment: name=service-finance, profiles=[local], label=null, version=b4ade5f53a672be1cb6f37597b095c5c36269e00, state= 
2025-04-16 23:58:18-883 [main] INFO  o.s.d.r.c.RepositoryConfigurationDelegate - Bootstrapping Spring Data Reactive MongoDB repositories in DEFAULT mode. 
2025-04-16 23:58:19-057 [main] INFO  o.s.d.r.c.RepositoryConfigurationDelegate - Finished Spring Data repository scanning in 168 ms. Found 1 Reactive MongoDB repository interface. 
2025-04-16 23:58:19-305 [main] INFO  o.s.cloud.context.scope.GenericScope - BeanFactory id=9d08ea38-e954-3802-816c-54e86e93276c 
2025-04-16 23:58:20-164 [main] INFO  org.mongodb.driver.client - MongoClient with metadata {"driver": {"name": "mongo-java-driver|reactive-streams|spring-boot", "version": "5.2.1"}, "os": {"type": "Windows", "name": "Windows 10", "architecture": "amd64", "version": "10.0"}, "platform": "Java/Oracle Corporation/17.0.12+8-LTS-286"} created with settings MongoClientSettings{readPreference=primary, writeConcern=WriteConcern{w=null, wTimeout=null ms, journal=null}, retryWrites=true, retryReads=true, readConcern=ReadConcern{level=null}, credential=null, transportSettings=NettyTransportSettings{eventLoopGroup=io.netty.channel.nio.NioEventLoopGroup@34a33343, socketChannelClass=null, allocator=null, sslContext=null}, commandListeners=[io.micrometer.core.instrument.binder.mongodb.MongoMetricsCommandListener@98722ef], codecRegistry=ProvidersCodecRegistry{codecProviders=[ValueCodecProvider{}, BsonValueCodecProvider{}, DBRefCodecProvider{}, DBObjectCodecProvider{}, DocumentCodecProvider{}, CollectionCodecProvider{}, IterableCodecProvider{}, MapCodecProvider{}, GeoJsonCodecProvider{}, GridFSFileCodecProvider{}, Jsr310CodecProvider{}, JsonObjectCodecProvider{}, BsonCodecProvider{}, EnumCodecProvider{}, com.mongodb.client.model.mql.ExpressionCodecProvider@459e120b, com.mongodb.Jep395RecordCodecProvider@fd69983, com.mongodb.KotlinCodecProvider@22429a11]}, loggerSettings=LoggerSettings{maxDocumentLength=1000}, clusterSettings={hosts=[localhost:27017], srvServiceName=mongodb, mode=SINGLE, requiredClusterType=UNKNOWN, requiredReplicaSetName='null', serverSelector='null', clusterListeners='[]', serverSelectionTimeout='30000 ms', localThreshold='15 ms'}, socketSettings=SocketSettings{connectTimeoutMS=10000, readTimeoutMS=0, receiveBufferSize=0, proxySettings=ProxySettings{host=null, port=null, username=null, password=null}}, heartbeatSocketSettings=SocketSettings{connectTimeoutMS=10000, readTimeoutMS=10000, receiveBufferSize=0, proxySettings=ProxySettings{host=null, port=null, username=null, password=null}}, connectionPoolSettings=ConnectionPoolSettings{maxSize=100, minSize=0, maxWaitTimeMS=120000, maxConnectionLifeTimeMS=0, maxConnectionIdleTimeMS=0, maintenanceInitialDelayMS=0, maintenanceFrequencyMS=60000, connectionPoolListeners=[io.micrometer.core.instrument.binder.mongodb.MongoMetricsConnectionPoolListener@126254ec], maxConnecting=2}, serverSettings=ServerSettings{heartbeatFrequencyMS=10000, minHeartbeatFrequencyMS=500, serverMonitoringMode=AUTO, serverListeners='[]', serverMonitorListeners='[]'}, sslSettings=SslSettings{enabled=false, invalidHostNameAllowed=false, context=null}, applicationName='null', compressorList=[], uuidRepresentation=JAVA_LEGACY, serverApi=null, autoEncryptionSettings=null, dnsClient=null, inetAddressResolver=null, contextProvider=null, timeoutMS=null} 
2025-04-16 23:58:20-412 [cluster-ClusterId{value='68008a6c4dfd1f2e228820b4', description='null'}-localhost:27017] INFO  org.mongodb.driver.cluster - Monitor thread successfully connected to server with description ServerDescription{address=localhost:27017, type=STANDALONE, cryptd=false, state=CONNECTED, ok=true, minWireVersion=0, maxWireVersion=25, maxDocumentSize=16777216, logicalSessionTimeoutMinutes=30, roundTripTimeNanos=91202600, minRoundTripTimeNanos=0} 
2025-04-16 23:58:21-610 [main] INFO  o.s.v.b.OptionalValidatorFactoryBean - Failed to set up a Bean Validation provider: jakarta.validation.NoProviderFoundException: Unable to create a Configuration, because no Jakarta Bean Validation provider could be found. Add a provider like Hibernate Validator (RI) to your classpath. 
2025-04-16 23:58:22-294 [main] INFO  o.s.b.a.e.web.EndpointLinksResolver - Exposing 2 endpoints beneath base path '/actuator' 
2025-04-16 23:58:22-989 [main] INFO  o.s.c.n.e.c.DiscoveryClientOptionalArgsConfiguration - Eureka HTTP Client uses RestTemplate. 
2025-04-16 23:58:23-069 [main] WARN  o.s.c.l.c.LoadBalancerCacheAutoConfiguration$LoadBalancerCaffeineWarnLogger - Spring Cloud LoadBalancer is currently working with the default cache. While this cache implementation is useful for development and tests, it's recommended to use Caffeine cache in production.You can switch to using Caffeine cache, by adding it and org.springframework.cache.caffeine.CaffeineCacheManager to the classpath. 
2025-04-16 23:58:23-140 [main] INFO  o.s.c.n.eureka.InstanceInfoFactory - Setting initial instance status as: STARTING 
2025-04-16 23:58:23-182 [main] INFO  c.netflix.discovery.DiscoveryClient - Initializing Eureka in region us-east-1 
2025-04-16 23:58:23-190 [main] INFO  c.n.d.s.r.aws.ConfigClusterResolver - Resolving eureka endpoints via configuration 
2025-04-16 23:58:23-206 [main] INFO  c.netflix.discovery.DiscoveryClient - Disable delta property : false 
2025-04-16 23:58:23-207 [main] INFO  c.netflix.discovery.DiscoveryClient - Single vip registry refresh property : null 
2025-04-16 23:58:23-207 [main] INFO  c.netflix.discovery.DiscoveryClient - Force full registry fetch : false 
2025-04-16 23:58:23-207 [main] INFO  c.netflix.discovery.DiscoveryClient - Application is null : false 
2025-04-16 23:58:23-207 [main] INFO  c.netflix.discovery.DiscoveryClient - Registered Applications size is zero : true 
2025-04-16 23:58:23-207 [main] INFO  c.netflix.discovery.DiscoveryClient - Application version is -1: true 
2025-04-16 23:58:23-207 [main] INFO  c.netflix.discovery.DiscoveryClient - Getting all instance registry info from the eureka server 
2025-04-16 23:58:23-649 [main] INFO  c.netflix.discovery.DiscoveryClient - The response status is 200 
2025-04-16 23:58:23-654 [main] INFO  c.netflix.discovery.DiscoveryClient - Starting heartbeat executor: renew interval is: 30 
2025-04-16 23:58:23-661 [main] INFO  c.n.discovery.InstanceInfoReplicator - InstanceInfoReplicator onDemand update allowed rate per min is 4 
2025-04-16 23:58:23-665 [main] INFO  c.netflix.discovery.DiscoveryClient - Discovery Client initialized at timestamp 1744865903664 with initial instances count: 2 
2025-04-16 23:58:23-670 [main] INFO  o.s.c.n.e.s.EurekaServiceRegistry - Registering application SERVICE-FINANCE with eureka with status UP 
2025-04-16 23:58:23-671 [main] INFO  c.netflix.discovery.DiscoveryClient - Saw local status change event StatusChangeEvent [timestamp=1744865903671, current=UP, previous=STARTING] 
2025-04-16 23:58:23-674 [DiscoveryClient-InstanceInfoReplicator-%d] INFO  c.netflix.discovery.DiscoveryClient - DiscoveryClient_SERVICE-FINANCE/service-finance:8686: registering service... 
2025-04-16 23:58:23-706 [main] INFO  c.b.s.f.e.ServiceFinanceDelegateImplTest - Started ServiceFinanceDelegateImplTest in 12.281 seconds (process running for 14.992) 
2025-04-16 23:58:23-751 [DiscoveryClient-InstanceInfoReplicator-%d] INFO  c.netflix.discovery.DiscoveryClient - DiscoveryClient_SERVICE-FINANCE/service-finance:8686 - registration status: 204 
2025-04-16 23:58:25-003 [SpringApplicationShutdownHook] INFO  o.s.c.n.e.s.EurekaServiceRegistry - Unregistering application SERVICE-FINANCE with eureka with status DOWN 
2025-04-16 23:58:25-003 [SpringApplicationShutdownHook] INFO  c.netflix.discovery.DiscoveryClient - Saw local status change event StatusChangeEvent [timestamp=1744865905003, current=DOWN, previous=UP] 
2025-04-16 23:58:25-004 [DiscoveryClient-InstanceInfoReplicator-%d] INFO  c.netflix.discovery.DiscoveryClient - DiscoveryClient_SERVICE-FINANCE/service-finance:8686: registering service... 
2025-04-16 23:58:25-013 [DiscoveryClient-InstanceInfoReplicator-%d] INFO  c.netflix.discovery.DiscoveryClient - DiscoveryClient_SERVICE-FINANCE/service-finance:8686 - registration status: 204 
2025-04-16 23:58:27-086 [SpringApplicationShutdownHook] INFO  c.netflix.discovery.DiscoveryClient - Shutting down DiscoveryClient ... 
2025-04-16 23:58:30-097 [SpringApplicationShutdownHook] INFO  c.netflix.discovery.DiscoveryClient - Unregistering ... 
2025-04-16 23:58:30-117 [SpringApplicationShutdownHook] INFO  c.netflix.discovery.DiscoveryClient - DiscoveryClient_SERVICE-FINANCE/service-finance:8686 - deregister  status: 200 
2025-04-16 23:58:30-118 [SpringApplicationShutdownHook] INFO  c.netflix.discovery.DiscoveryClient - Completed shut down of DiscoveryClient 
2025-04-16 23:58:50-492 [main] INFO  o.s.t.c.s.AnnotationConfigContextLoaderUtils - Could not detect default configuration classes for test class [com.bootcamp.service.finance.expose.ServiceFinanceDelegateImplTest]: ServiceFinanceDelegateImplTest does not declare any static, non-private, non-final, nested classes annotated with @Configuration. 
2025-04-16 23:58:50-721 [main] INFO  o.s.b.t.c.SpringBootTestContextBootstrapper - Found @SpringBootConfiguration com.bootcamp.service.finance.ServiceFinanceApplication for test class com.bootcamp.service.finance.expose.ServiceFinanceDelegateImplTest 
2025-04-16 23:58:56-146 [main] INFO  c.b.s.f.e.ServiceFinanceDelegateImplTest - Starting ServiceFinanceDelegateImplTest using Java 17.0.12 with PID 30948 (started by mgarcsar in C:\Users\mgarcsar\Documents\Bootcamp\etregables\service-finance) 
2025-04-16 23:58:56-148 [main] INFO  c.b.s.f.e.ServiceFinanceDelegateImplTest - The following 1 profile is active: "local" 
2025-04-16 23:58:56-197 [main] INFO  o.s.c.c.c.ConfigServerConfigDataLoader - Fetching config from server at : http://localhost:8888 
2025-04-16 23:58:56-198 [main] INFO  o.s.c.c.c.ConfigServerConfigDataLoader - Located environment: name=service-finance, profiles=[default], label=null, version=b4ade5f53a672be1cb6f37597b095c5c36269e00, state= 
2025-04-16 23:58:56-198 [main] INFO  o.s.c.c.c.ConfigServerConfigDataLoader - Fetching config from server at : http://localhost:8888 
2025-04-16 23:58:56-198 [main] INFO  o.s.c.c.c.ConfigServerConfigDataLoader - Located environment: name=service-finance, profiles=[local], label=null, version=b4ade5f53a672be1cb6f37597b095c5c36269e00, state= 
2025-04-16 23:58:57-918 [main] INFO  o.s.d.r.c.RepositoryConfigurationDelegate - Bootstrapping Spring Data Reactive MongoDB repositories in DEFAULT mode. 
2025-04-16 23:58:58-107 [main] INFO  o.s.d.r.c.RepositoryConfigurationDelegate - Finished Spring Data repository scanning in 175 ms. Found 1 Reactive MongoDB repository interface. 
2025-04-16 23:58:58-394 [main] INFO  o.s.cloud.context.scope.GenericScope - BeanFactory id=9d08ea38-e954-3802-816c-54e86e93276c 
2025-04-16 23:58:59-346 [main] INFO  org.mongodb.driver.client - MongoClient with metadata {"driver": {"name": "mongo-java-driver|reactive-streams|spring-boot", "version": "5.2.1"}, "os": {"type": "Windows", "name": "Windows 10", "architecture": "amd64", "version": "10.0"}, "platform": "Java/Oracle Corporation/17.0.12+8-LTS-286"} created with settings MongoClientSettings{readPreference=primary, writeConcern=WriteConcern{w=null, wTimeout=null ms, journal=null}, retryWrites=true, retryReads=true, readConcern=ReadConcern{level=null}, credential=null, transportSettings=NettyTransportSettings{eventLoopGroup=io.netty.channel.nio.NioEventLoopGroup@2adc1e84, socketChannelClass=null, allocator=null, sslContext=null}, commandListeners=[io.micrometer.core.instrument.binder.mongodb.MongoMetricsCommandListener@2a99fa07], codecRegistry=ProvidersCodecRegistry{codecProviders=[ValueCodecProvider{}, BsonValueCodecProvider{}, DBRefCodecProvider{}, DBObjectCodecProvider{}, DocumentCodecProvider{}, CollectionCodecProvider{}, IterableCodecProvider{}, MapCodecProvider{}, GeoJsonCodecProvider{}, GridFSFileCodecProvider{}, Jsr310CodecProvider{}, JsonObjectCodecProvider{}, BsonCodecProvider{}, EnumCodecProvider{}, com.mongodb.client.model.mql.ExpressionCodecProvider@45b8bbbf, com.mongodb.Jep395RecordCodecProvider@1df06ecd, com.mongodb.KotlinCodecProvider@57927bc9]}, loggerSettings=LoggerSettings{maxDocumentLength=1000}, clusterSettings={hosts=[localhost:27017], srvServiceName=mongodb, mode=SINGLE, requiredClusterType=UNKNOWN, requiredReplicaSetName='null', serverSelector='null', clusterListeners='[]', serverSelectionTimeout='30000 ms', localThreshold='15 ms'}, socketSettings=SocketSettings{connectTimeoutMS=10000, readTimeoutMS=0, receiveBufferSize=0, proxySettings=ProxySettings{host=null, port=null, username=null, password=null}}, heartbeatSocketSettings=SocketSettings{connectTimeoutMS=10000, readTimeoutMS=10000, receiveBufferSize=0, proxySettings=ProxySettings{host=null, port=null, username=null, password=null}}, connectionPoolSettings=ConnectionPoolSettings{maxSize=100, minSize=0, maxWaitTimeMS=120000, maxConnectionLifeTimeMS=0, maxConnectionIdleTimeMS=0, maintenanceInitialDelayMS=0, maintenanceFrequencyMS=60000, connectionPoolListeners=[io.micrometer.core.instrument.binder.mongodb.MongoMetricsConnectionPoolListener@323efafe], maxConnecting=2}, serverSettings=ServerSettings{heartbeatFrequencyMS=10000, minHeartbeatFrequencyMS=500, serverMonitoringMode=AUTO, serverListeners='[]', serverMonitorListeners='[]'}, sslSettings=SslSettings{enabled=false, invalidHostNameAllowed=false, context=null}, applicationName='null', compressorList=[], uuidRepresentation=JAVA_LEGACY, serverApi=null, autoEncryptionSettings=null, dnsClient=null, inetAddressResolver=null, contextProvider=null, timeoutMS=null} 
2025-04-16 23:58:59-582 [cluster-ClusterId{value='68008a93fdc4f263dfe19590', description='null'}-localhost:27017] INFO  org.mongodb.driver.cluster - Monitor thread successfully connected to server with description ServerDescription{address=localhost:27017, type=STANDALONE, cryptd=false, state=CONNECTED, ok=true, minWireVersion=0, maxWireVersion=25, maxDocumentSize=16777216, logicalSessionTimeoutMinutes=30, roundTripTimeNanos=100472400, minRoundTripTimeNanos=0} 
2025-04-16 23:59:00-867 [main] INFO  o.s.v.b.OptionalValidatorFactoryBean - Failed to set up a Bean Validation provider: jakarta.validation.NoProviderFoundException: Unable to create a Configuration, because no Jakarta Bean Validation provider could be found. Add a provider like Hibernate Validator (RI) to your classpath. 
2025-04-16 23:59:01-481 [main] INFO  o.s.b.a.e.web.EndpointLinksResolver - Exposing 2 endpoints beneath base path '/actuator' 
2025-04-16 23:59:02-485 [main] INFO  o.s.c.n.e.c.DiscoveryClientOptionalArgsConfiguration - Eureka HTTP Client uses RestTemplate. 
2025-04-16 23:59:02-566 [main] WARN  o.s.c.l.c.LoadBalancerCacheAutoConfiguration$LoadBalancerCaffeineWarnLogger - Spring Cloud LoadBalancer is currently working with the default cache. While this cache implementation is useful for development and tests, it's recommended to use Caffeine cache in production.You can switch to using Caffeine cache, by adding it and org.springframework.cache.caffeine.CaffeineCacheManager to the classpath. 
2025-04-16 23:59:02-654 [main] INFO  o.s.c.n.eureka.InstanceInfoFactory - Setting initial instance status as: STARTING 
2025-04-16 23:59:02-705 [main] INFO  c.netflix.discovery.DiscoveryClient - Initializing Eureka in region us-east-1 
2025-04-16 23:59:02-717 [main] INFO  c.n.d.s.r.aws.ConfigClusterResolver - Resolving eureka endpoints via configuration 
2025-04-16 23:59:02-736 [main] INFO  c.netflix.discovery.DiscoveryClient - Disable delta property : false 
2025-04-16 23:59:02-736 [main] INFO  c.netflix.discovery.DiscoveryClient - Single vip registry refresh property : null 
2025-04-16 23:59:02-736 [main] INFO  c.netflix.discovery.DiscoveryClient - Force full registry fetch : false 
2025-04-16 23:59:02-736 [main] INFO  c.netflix.discovery.DiscoveryClient - Application is null : false 
2025-04-16 23:59:02-736 [main] INFO  c.netflix.discovery.DiscoveryClient - Registered Applications size is zero : true 
2025-04-16 23:59:02-737 [main] INFO  c.netflix.discovery.DiscoveryClient - Application version is -1: true 
2025-04-16 23:59:02-737 [main] INFO  c.netflix.discovery.DiscoveryClient - Getting all instance registry info from the eureka server 
2025-04-16 23:59:03-228 [main] INFO  c.netflix.discovery.DiscoveryClient - The response status is 200 
2025-04-16 23:59:03-233 [main] INFO  c.netflix.discovery.DiscoveryClient - Starting heartbeat executor: renew interval is: 30 
2025-04-16 23:59:03-236 [main] INFO  c.n.discovery.InstanceInfoReplicator - InstanceInfoReplicator onDemand update allowed rate per min is 4 
2025-04-16 23:59:03-238 [main] INFO  c.netflix.discovery.DiscoveryClient - Discovery Client initialized at timestamp 1744865943238 with initial instances count: 1 
2025-04-16 23:59:03-244 [main] INFO  o.s.c.n.e.s.EurekaServiceRegistry - Registering application SERVICE-FINANCE with eureka with status UP 
2025-04-16 23:59:03-246 [main] INFO  c.netflix.discovery.DiscoveryClient - Saw local status change event StatusChangeEvent [timestamp=1744865943246, current=UP, previous=STARTING] 
2025-04-16 23:59:03-249 [DiscoveryClient-InstanceInfoReplicator-%d] INFO  c.netflix.discovery.DiscoveryClient - DiscoveryClient_SERVICE-FINANCE/service-finance:8686: registering service... 
2025-04-16 23:59:03-279 [main] INFO  c.b.s.f.e.ServiceFinanceDelegateImplTest - Started ServiceFinanceDelegateImplTest in 12.026 seconds (process running for 14.602) 
2025-04-16 23:59:03-316 [DiscoveryClient-InstanceInfoReplicator-%d] INFO  c.netflix.discovery.DiscoveryClient - DiscoveryClient_SERVICE-FINANCE/service-finance:8686 - registration status: 204 
2025-04-16 23:59:04-532 [SpringApplicationShutdownHook] INFO  o.s.c.n.e.s.EurekaServiceRegistry - Unregistering application SERVICE-FINANCE with eureka with status DOWN 
2025-04-16 23:59:04-532 [SpringApplicationShutdownHook] INFO  c.netflix.discovery.DiscoveryClient - Saw local status change event StatusChangeEvent [timestamp=1744865944532, current=DOWN, previous=UP] 
2025-04-16 23:59:04-533 [DiscoveryClient-InstanceInfoReplicator-%d] INFO  c.netflix.discovery.DiscoveryClient - DiscoveryClient_SERVICE-FINANCE/service-finance:8686: registering service... 
2025-04-16 23:59:04-539 [DiscoveryClient-InstanceInfoReplicator-%d] INFO  c.netflix.discovery.DiscoveryClient - DiscoveryClient_SERVICE-FINANCE/service-finance:8686 - registration status: 204 
2025-04-16 23:59:06-713 [SpringApplicationShutdownHook] INFO  c.netflix.discovery.DiscoveryClient - Shutting down DiscoveryClient ... 
2025-04-16 23:59:09-717 [SpringApplicationShutdownHook] INFO  c.netflix.discovery.DiscoveryClient - Unregistering ... 
2025-04-16 23:59:09-738 [SpringApplicationShutdownHook] INFO  c.netflix.discovery.DiscoveryClient - DiscoveryClient_SERVICE-FINANCE/service-finance:8686 - deregister  status: 200 
2025-04-16 23:59:09-739 [SpringApplicationShutdownHook] INFO  c.netflix.discovery.DiscoveryClient - Completed shut down of DiscoveryClient 
2025-04-16 23:59:28-539 [main] INFO  c.b.s.f.ServiceFinanceApplication - Starting ServiceFinanceApplication using Java 17.0.12 with PID 8172 (C:\Users\mgarcsar\Documents\Bootcamp\etregables\service-finance\target\classes started by mgarcsar in C:\Users\mgarcsar\Documents\Bootcamp\etregables\service-finance) 
2025-04-16 23:59:28-543 [main] INFO  c.b.s.f.ServiceFinanceApplication - The following 1 profile is active: "local" 
2025-04-16 23:59:28-619 [main] INFO  o.s.c.c.c.ConfigServerConfigDataLoader - Fetching config from server at : http://localhost:8888 
2025-04-16 23:59:28-619 [main] INFO  o.s.c.c.c.ConfigServerConfigDataLoader - Located environment: name=service-finance, profiles=[default], label=null, version=b4ade5f53a672be1cb6f37597b095c5c36269e00, state= 
2025-04-16 23:59:28-620 [main] INFO  o.s.c.c.c.ConfigServerConfigDataLoader - Fetching config from server at : http://localhost:8888 
2025-04-16 23:59:28-620 [main] INFO  o.s.c.c.c.ConfigServerConfigDataLoader - Located environment: name=service-finance, profiles=[local], label=null, version=b4ade5f53a672be1cb6f37597b095c5c36269e00, state= 
2025-04-16 23:59:30-088 [main] INFO  o.s.d.r.c.RepositoryConfigurationDelegate - Bootstrapping Spring Data Reactive MongoDB repositories in DEFAULT mode. 
2025-04-16 23:59:30-292 [main] INFO  o.s.d.r.c.RepositoryConfigurationDelegate - Finished Spring Data repository scanning in 192 ms. Found 1 Reactive MongoDB repository interface. 
2025-04-16 23:59:30-514 [main] INFO  o.s.cloud.context.scope.GenericScope - BeanFactory id=5c214d71-c906-3c25-b5d5-ffe189edf3e0 
2025-04-16 23:59:31-507 [main] INFO  org.mongodb.driver.client - MongoClient with metadata {"driver": {"name": "mongo-java-driver|reactive-streams|spring-boot", "version": "5.2.1"}, "os": {"type": "Windows", "name": "Windows 10", "architecture": "amd64", "version": "10.0"}, "platform": "Java/Oracle Corporation/17.0.12+8-LTS-286"} created with settings MongoClientSettings{readPreference=primary, writeConcern=WriteConcern{w=null, wTimeout=null ms, journal=null}, retryWrites=true, retryReads=true, readConcern=ReadConcern{level=null}, credential=null, transportSettings=NettyTransportSettings{eventLoopGroup=io.netty.channel.nio.NioEventLoopGroup@573870cb, socketChannelClass=null, allocator=null, sslContext=null}, commandListeners=[io.micrometer.core.instrument.binder.mongodb.MongoMetricsCommandListener@5b88af70], codecRegistry=ProvidersCodecRegistry{codecProviders=[ValueCodecProvider{}, BsonValueCodecProvider{}, DBRefCodecProvider{}, DBObjectCodecProvider{}, DocumentCodecProvider{}, CollectionCodecProvider{}, IterableCodecProvider{}, MapCodecProvider{}, GeoJsonCodecProvider{}, GridFSFileCodecProvider{}, Jsr310CodecProvider{}, JsonObjectCodecProvider{}, BsonCodecProvider{}, EnumCodecProvider{}, com.mongodb.client.model.mql.ExpressionCodecProvider@2739ecc0, com.mongodb.Jep395RecordCodecProvider@2932e15f, com.mongodb.KotlinCodecProvider@3d98729a]}, loggerSettings=LoggerSettings{maxDocumentLength=1000}, clusterSettings={hosts=[localhost:27017], srvServiceName=mongodb, mode=SINGLE, requiredClusterType=UNKNOWN, requiredReplicaSetName='null', serverSelector='null', clusterListeners='[]', serverSelectionTimeout='30000 ms', localThreshold='15 ms'}, socketSettings=SocketSettings{connectTimeoutMS=10000, readTimeoutMS=0, receiveBufferSize=0, proxySettings=ProxySettings{host=null, port=null, username=null, password=null}}, heartbeatSocketSettings=SocketSettings{connectTimeoutMS=10000, readTimeoutMS=10000, receiveBufferSize=0, proxySettings=ProxySettings{host=null, port=null, username=null, password=null}}, connectionPoolSettings=ConnectionPoolSettings{maxSize=100, minSize=0, maxWaitTimeMS=120000, maxConnectionLifeTimeMS=0, maxConnectionIdleTimeMS=0, maintenanceInitialDelayMS=0, maintenanceFrequencyMS=60000, connectionPoolListeners=[io.micrometer.core.instrument.binder.mongodb.MongoMetricsConnectionPoolListener@2375a976], maxConnecting=2}, serverSettings=ServerSettings{heartbeatFrequencyMS=10000, minHeartbeatFrequencyMS=500, serverMonitoringMode=AUTO, serverListeners='[]', serverMonitorListeners='[]'}, sslSettings=SslSettings{enabled=false, invalidHostNameAllowed=false, context=null}, applicationName='null', compressorList=[], uuidRepresentation=JAVA_LEGACY, serverApi=null, autoEncryptionSettings=null, dnsClient=null, inetAddressResolver=null, contextProvider=null, timeoutMS=null} 
2025-04-16 23:59:31-697 [cluster-ClusterId{value='68008ab3c58f2a4dcdeb66df', description='null'}-localhost:27017] INFO  org.mongodb.driver.cluster - Monitor thread successfully connected to server with description ServerDescription{address=localhost:27017, type=STANDALONE, cryptd=false, state=CONNECTED, ok=true, minWireVersion=0, maxWireVersion=25, maxDocumentSize=16777216, logicalSessionTimeoutMinutes=30, roundTripTimeNanos=77792700, minRoundTripTimeNanos=0} 
2025-04-16 23:59:32-730 [main] INFO  o.s.v.b.OptionalValidatorFactoryBean - Failed to set up a Bean Validation provider: jakarta.validation.NoProviderFoundException: Unable to create a Configuration, because no Jakarta Bean Validation provider could be found. Add a provider like Hibernate Validator (RI) to your classpath. 
2025-04-16 23:59:33-345 [main] INFO  o.s.b.a.e.web.EndpointLinksResolver - Exposing 2 endpoints beneath base path '/actuator' 
2025-04-16 23:59:34-507 [main] INFO  o.s.c.n.e.c.DiscoveryClientOptionalArgsConfiguration - Eureka HTTP Client uses RestTemplate. 
2025-04-16 23:59:34-579 [main] WARN  o.s.c.l.c.LoadBalancerCacheAutoConfiguration$LoadBalancerCaffeineWarnLogger - Spring Cloud LoadBalancer is currently working with the default cache. While this cache implementation is useful for development and tests, it's recommended to use Caffeine cache in production.You can switch to using Caffeine cache, by adding it and org.springframework.cache.caffeine.CaffeineCacheManager to the classpath. 
2025-04-16 23:59:34-702 [main] INFO  o.s.c.n.eureka.InstanceInfoFactory - Setting initial instance status as: STARTING 
2025-04-16 23:59:34-764 [main] INFO  c.netflix.discovery.DiscoveryClient - Initializing Eureka in region us-east-1 
2025-04-16 23:59:34-773 [main] INFO  c.n.d.s.r.aws.ConfigClusterResolver - Resolving eureka endpoints via configuration 
2025-04-16 23:59:34-795 [main] INFO  c.netflix.discovery.DiscoveryClient - Disable delta property : false 
2025-04-16 23:59:34-795 [main] INFO  c.netflix.discovery.DiscoveryClient - Single vip registry refresh property : null 
2025-04-16 23:59:34-796 [main] INFO  c.netflix.discovery.DiscoveryClient - Force full registry fetch : false 
2025-04-16 23:59:34-796 [main] INFO  c.netflix.discovery.DiscoveryClient - Application is null : false 
2025-04-16 23:59:34-796 [main] INFO  c.netflix.discovery.DiscoveryClient - Registered Applications size is zero : true 
2025-04-16 23:59:34-796 [main] INFO  c.netflix.discovery.DiscoveryClient - Application version is -1: true 
2025-04-16 23:59:34-797 [main] INFO  c.netflix.discovery.DiscoveryClient - Getting all instance registry info from the eureka server 
2025-04-16 23:59:35-197 [main] INFO  c.netflix.discovery.DiscoveryClient - The response status is 200 
2025-04-16 23:59:35-200 [main] INFO  c.netflix.discovery.DiscoveryClient - Starting heartbeat executor: renew interval is: 30 
2025-04-16 23:59:35-203 [main] INFO  c.n.discovery.InstanceInfoReplicator - InstanceInfoReplicator onDemand update allowed rate per min is 4 
2025-04-16 23:59:35-205 [main] INFO  c.netflix.discovery.DiscoveryClient - Discovery Client initialized at timestamp 1744865975205 with initial instances count: 1 
2025-04-16 23:59:35-210 [main] INFO  o.s.c.n.e.s.EurekaServiceRegistry - Registering application SERVICE-FINANCE with eureka with status UP 
2025-04-16 23:59:35-211 [main] INFO  c.netflix.discovery.DiscoveryClient - Saw local status change event StatusChangeEvent [timestamp=1744865975211, current=UP, previous=STARTING] 
2025-04-16 23:59:35-213 [DiscoveryClient-InstanceInfoReplicator-%d] INFO  c.netflix.discovery.DiscoveryClient - DiscoveryClient_SERVICE-FINANCE/service-finance:8686: registering service... 
2025-04-16 23:59:35-275 [DiscoveryClient-InstanceInfoReplicator-%d] INFO  c.netflix.discovery.DiscoveryClient - DiscoveryClient_SERVICE-FINANCE/service-finance:8686 - registration status: 204 
2025-04-16 23:59:35-291 [main] INFO  o.s.b.w.e.netty.NettyWebServer - Netty started on port 8686 (http) 
2025-04-16 23:59:35-295 [main] INFO  o.s.c.n.e.s.EurekaAutoServiceRegistration - Updating port to 8686 
2025-04-16 23:59:35-693 [main] INFO  c.b.s.f.ServiceFinanceApplication - Started ServiceFinanceApplication in 11.939 seconds (process running for 13.928) 
2025-04-16 23:59:45-563 [reactor-http-nio-3] INFO  c.b.s.f.e.ServiceFinanceDelegateImpl -  -> Init save resume. 
2025-04-16 23:59:45-633 [reactor-http-nio-3] INFO  c.b.s.f.s.impl.ResumeServiceImpl - Saving resume Mono.just ⇢ at com.bootcamp.service.finance.expose.ServiceFinanceDelegateImpl.lambda$saveResume$0(ServiceFinanceDelegateImpl.java:28) 
2025-04-16 23:59:47-706 [nioEventLoopGroup-3-3] INFO  c.b.s.f.s.impl.ResumeServiceImpl - Saved resume model {"id":"68008ac3c58f2a4dcdeb66e0","productType":"SA","productId":"1231312312312","customerId":"BBBBBBB","creditEnabledToUse":0.0,"creditLimitTotal":0.0,"creditLimitUsed":0.0,"totalAmountInAccount":2000.0,"informDate":[2025,4,16]} 
2025-04-16 23:59:47-711 [nioEventLoopGroup-3-3] INFO  c.b.s.f.s.impl.ResumeServiceImpl - Save resume success {"id":"68008ac3c58f2a4dcdeb66e0","productType":"SA","productId":"1231312312312","customerId":"BBBBBBB","creditEnabledToUse":0.0,"creditLimitTotal":0.0,"creditLimitUsed":0.0,"totalAmountInAccount":2000.0,"informDate":[2025,4,16]} 
